"checking_acc_numeric","time_credit_acc","credit_history_numeric","purpose_numeric","amount","savings_acc_numeric","p_employment_time_numeric","installment_rate","marita_status_sex_numeric","other_debtors_numeric","p_residence_time","property_numeric","age","other_installment_numeric","housing_numeric","number_of_credits","job_numeric","dependants","has_phone_numeric","foreign_worker_numeric","is_good"
1,6,3,1,1169,0,5,4,1,1,4,4,67,0,1,2,3,1,1,1,1
2,48,4,1,5951,1,3,2,2,1,2,4,22,0,1,1,3,1,0,1,2
4,12,3,6,2096,1,4,2,1,1,3,4,49,0,1,1,2,2,0,1,1
1,42,4,3,7882,1,4,2,1,2,4,3,45,0,0,1,3,2,0,1,1
1,24,2,2,4870,1,3,3,1,1,4,0,53,0,0,2,3,2,0,1,2
4,36,4,6,9055,0,3,2,1,1,4,0,35,0,0,1,2,2,1,1,1
4,24,4,3,2835,3,5,3,1,1,4,3,53,0,1,1,3,1,0,1,1
2,36,4,4,6948,1,3,2,1,1,2,2,35,0,2,1,4,1,1,1,1
4,12,4,1,3059,4,4,2,4,1,4,4,61,0,1,1,2,1,0,1,1
2,30,3,2,5234,1,1,4,3,1,2,2,28,0,1,2,4,1,0,1,2
2,12,4,2,1295,1,2,3,2,1,1,2,25,0,2,1,3,1,0,1,2
1,48,4,5,4308,1,2,3,2,1,4,3,24,0,2,1,3,1,0,1,2
2,12,4,1,1567,1,3,1,2,1,1,2,22,0,1,1,3,1,1,1,1
1,24,3,2,1199,1,5,4,1,1,4,2,60,0,1,2,2,1,0,1,2
1,15,4,2,1403,1,3,2,2,1,4,2,28,0,2,1,3,1,0,1,1
1,24,4,1,1282,2,3,4,2,1,2,2,32,0,1,1,2,1,0,1,2
4,24,3,1,2424,0,5,4,1,1,4,3,53,0,1,2,3,1,0,1,1
1,30,0,5,8072,0,2,2,1,1,3,2,25,2,1,3,3,1,0,1,1
2,24,4,4,12579,1,5,4,2,1,2,0,44,0,0,1,4,1,1,1,2
4,24,4,1,3430,3,5,3,1,1,2,2,31,0,1,1,3,2,1,1,1
4,9,3,2,2134,1,3,4,1,1,4,2,48,0,1,3,3,1,1,1,1
1,6,4,1,2647,3,3,2,1,1,3,4,44,0,2,1,3,2,0,1,1
1,10,3,2,2241,1,2,1,1,1,3,4,48,0,2,2,2,2,0,0,1
2,12,3,4,1804,2,2,3,1,1,4,3,44,0,1,1,3,1,0,1,1
4,10,3,3,2069,0,3,2,3,1,1,2,26,0,1,2,3,1,0,0,1
1,6,4,3,1374,1,3,1,1,1,2,4,36,2,1,1,2,1,1,1,1
4,6,0,1,426,1,5,4,3,1,4,2,39,0,1,1,2,1,0,1,1
3,12,1,1,409,4,3,3,2,1,3,4,42,0,2,2,3,1,0,1,1
2,7,4,1,2415,1,3,3,1,2,2,4,34,0,1,1,3,1,0,1,1
1,60,2,5,6836,1,5,3,1,1,4,0,63,0,1,2,3,1,1,1,2
2,18,4,5,1913,4,2,3,3,1,3,4,36,2,1,1,3,1,1,1,1
1,24,4,3,4020,1,3,2,1,1,2,2,27,1,1,1,3,1,0,1,1
2,18,4,2,5866,2,3,2,1,1,2,2,30,0,1,2,3,1,1,1,1
4,12,3,5,1264,0,5,4,1,1,4,0,57,0,2,1,2,1,0,1,1
3,12,4,3,1474,1,2,4,2,1,1,3,33,2,1,1,4,1,1,1,1
2,45,3,1,4746,1,2,4,1,1,2,3,25,0,1,2,2,1,0,1,2
4,48,3,6,6110,1,3,1,1,1,3,0,31,2,0,1,3,1,1,1,1
3,18,4,1,2100,1,3,4,1,3,2,4,37,1,1,1,3,1,0,1,2
3,10,4,10,1225,1,3,2,1,1,2,2,37,0,1,1,3,1,1,1,1
2,9,4,1,458,1,3,4,1,1,3,4,24,0,1,1,3,1,0,1,1
4,30,4,1,2333,3,5,4,1,1,2,2,30,2,1,1,4,1,0,1,1
2,12,4,1,1158,3,3,3,4,1,1,2,26,0,1,1,3,1,1,1,1
2,18,2,7,6204,1,3,2,1,1,4,4,44,0,1,1,2,2,1,1,1
1,30,3,4,6187,2,4,1,3,1,4,2,24,0,2,2,3,1,0,1,1
1,48,3,4,6143,1,5,4,2,1,4,0,58,1,0,2,2,1,0,1,2
4,11,3,2,1393,1,2,4,2,1,4,2,35,0,1,2,4,1,0,1,1
4,36,4,1,2299,3,5,4,1,1,4,2,39,0,1,1,3,1,0,1,1
1,6,4,4,1352,3,1,1,2,1,2,3,23,0,2,1,1,1,1,1,1
4,11,3,2,7228,1,3,1,1,1,4,3,39,0,1,2,2,1,0,1,1
4,12,4,1,2073,2,3,4,2,3,2,4,28,0,1,1,3,1,0,1,1
2,24,2,3,2333,0,2,4,1,1,2,3,29,2,1,1,2,1,0,1,1
2,27,2,4,5965,1,5,1,1,1,2,2,30,0,1,2,4,1,1,1,1
4,12,4,1,1262,1,3,3,1,1,2,2,25,0,1,1,3,1,0,1,1
4,18,4,4,3378,0,3,2,1,1,1,3,31,0,1,1,3,1,1,1,1
2,36,2,2,2225,1,5,4,1,1,4,0,57,2,0,2,3,1,1,1,2
4,6,1,2,783,0,3,1,1,2,2,4,26,1,1,1,2,2,0,1,1
2,12,4,1,6468,0,1,2,1,1,1,0,52,0,1,1,4,1,1,1,2
4,36,3,1,9566,1,3,2,2,1,2,2,31,1,1,2,3,1,0,1,1
3,18,4,2,1961,1,5,3,2,1,2,2,23,0,1,1,4,1,0,1,1
1,36,3,3,6229,1,2,4,2,3,4,0,23,0,2,2,2,1,1,1,2
2,9,4,5,1391,1,3,2,3,1,1,4,27,2,1,1,3,1,1,1,1
2,15,3,1,1537,0,5,4,1,2,4,4,50,0,1,2,3,1,1,1,1
2,36,0,5,1953,1,5,4,1,1,4,0,61,0,0,1,4,1,1,1,2
2,48,0,5,14421,1,3,2,1,1,2,2,25,0,1,1,3,1,1,1,2
4,24,4,1,3181,1,2,4,2,1,4,3,26,0,1,1,3,1,1,1,1
4,27,4,7,5190,0,5,4,1,1,4,3,48,0,1,4,3,2,1,1,1
4,12,4,1,2171,1,2,2,2,1,2,2,29,2,1,1,3,1,0,1,1
2,12,4,2,1007,4,3,4,3,1,1,4,22,0,1,1,3,1,0,1,1
4,36,4,6,1819,1,3,4,1,1,4,0,37,1,0,1,3,1,1,1,2
4,36,4,1,2394,0,3,4,2,1,4,2,25,0,1,1,3,1,0,1,1
4,36,4,4,8133,1,3,1,2,1,2,3,30,2,1,1,3,1,0,1,1
4,7,3,1,730,0,5,4,1,1,2,3,46,0,2,2,2,1,1,1,1
1,8,3,11,1164,1,5,3,1,1,4,0,51,2,0,2,4,2,1,1,1
2,42,3,5,5954,1,4,2,2,1,1,4,41,2,1,2,2,1,0,1,1
1,36,4,6,1977,0,5,4,1,1,4,0,40,0,1,1,4,1,1,1,2
1,12,3,4,1526,1,5,4,1,1,4,0,66,0,0,2,4,1,0,1,1
1,42,4,1,3965,1,2,4,1,1,3,2,34,0,1,1,3,1,0,1,2
2,11,2,1,4771,1,4,2,1,1,4,3,51,0,1,1,3,1,0,1,1
4,54,0,4,9436,0,3,2,1,1,2,3,39,0,1,1,2,2,0,1,1
2,30,4,3,3832,1,2,2,3,1,1,3,22,0,1,1,3,1,0,1,1
4,24,4,1,5943,0,2,1,2,1,1,2,44,0,1,2,3,1,1,1,2
4,15,4,1,1213,3,5,4,1,1,3,3,47,1,1,1,3,1,1,1,1
4,18,4,5,1568,2,3,3,2,1,4,3,24,0,2,1,2,1,0,1,1
1,24,4,11,1755,1,5,4,2,2,4,4,58,0,1,1,2,1,1,1,1
1,10,4,1,2315,1,5,3,1,1,4,4,52,0,1,1,2,1,0,1,1
4,12,3,5,1412,1,3,4,2,2,2,4,29,0,1,2,4,1,1,1,1
2,18,3,3,1295,1,2,4,2,1,1,3,27,0,1,2,3,1,0,1,1
2,36,4,6,12612,2,3,1,1,1,4,0,47,0,0,1,3,2,1,1,2
1,18,4,2,2249,2,4,4,1,1,3,2,30,0,1,1,4,2,1,1,1
1,12,0,7,1108,1,4,4,1,1,3,4,28,0,1,2,3,1,0,1,2
4,12,3,1,618,1,5,4,1,1,4,4,56,0,1,1,3,1,0,1,1
1,12,3,4,1409,1,5,4,1,1,3,4,54,0,1,1,3,1,0,1,1
4,12,3,1,797,0,5,4,2,1,3,3,33,2,1,1,2,2,0,1,2
3,24,3,3,3617,0,5,4,1,3,4,0,20,0,2,2,3,1,0,1,1
2,12,4,2,1318,4,5,4,1,1,4,4,54,0,1,1,3,1,1,1,1
2,54,0,5,15945,1,2,3,1,1,4,0,58,0,2,1,3,1,1,1,2
4,12,3,6,2012,0,4,4,2,1,2,2,61,0,1,1,3,1,0,1,1
2,18,4,5,2622,2,3,4,1,1,4,2,34,0,1,1,3,1,0,1,1
2,36,3,1,2337,1,5,4,1,1,4,4,36,0,1,1,3,1,0,1,1
2,20,2,4,7057,0,4,3,1,1,4,3,36,2,2,2,4,2,1,1,1
4,24,4,2,1469,2,5,4,3,1,4,4,41,0,2,1,2,1,0,1,1
2,36,4,1,2323,1,4,4,1,1,4,2,24,0,2,1,3,1,0,1,1
4,6,2,1,932,1,3,3,2,1,2,4,24,0,1,1,3,1,0,1,1
2,9,3,3,1919,1,4,4,1,1,3,2,35,0,2,1,3,1,1,1,1
4,12,4,4,2445,0,2,2,3,1,4,2,26,0,2,1,3,1,1,1,1
2,24,3,11,11938,1,3,2,1,3,3,2,39,0,1,2,4,2,1,1,2
4,18,1,2,6458,1,5,2,1,1,4,0,39,2,1,2,4,2,1,1,2
2,12,4,2,6078,1,4,2,1,1,2,2,32,0,1,1,3,1,0,1,1
1,24,4,3,7721,0,2,1,2,1,2,3,30,0,1,1,3,1,1,0,1
2,14,4,5,1410,3,5,1,3,1,2,4,35,0,1,1,3,1,1,1,1
2,6,2,5,1449,2,5,1,4,1,2,2,31,2,1,2,3,2,0,1,1
3,15,4,6,392,1,2,4,2,1,4,3,23,0,2,1,3,1,1,1,1
2,18,4,2,6260,1,4,3,1,1,3,4,28,0,2,1,2,1,0,1,1
4,36,3,2,7855,1,3,4,2,1,2,4,25,1,1,2,3,1,1,1,2
1,12,4,1,1680,3,5,3,3,1,1,4,35,0,1,1,3,1,0,1,1
4,48,3,1,3578,0,5,4,1,1,1,4,47,0,1,1,3,1,1,1,1
1,42,4,1,7174,0,4,4,2,1,3,2,30,0,1,1,4,1,1,1,2
1,10,3,3,2132,0,2,2,2,3,3,4,27,0,2,2,3,1,0,0,1
1,33,3,3,4281,3,3,1,2,1,4,2,23,0,1,2,3,1,0,1,2
2,12,3,2,2366,3,4,3,4,1,3,2,36,0,1,1,4,1,1,1,1
1,21,4,1,1835,1,3,3,2,1,2,4,25,0,1,2,3,1,1,1,2
4,24,3,4,3868,1,5,4,2,1,2,2,41,0,2,2,4,1,1,1,1
4,12,4,3,1768,1,3,3,1,1,2,4,24,0,2,1,2,1,0,1,1
3,10,3,2,781,1,5,4,1,1,4,0,63,0,0,2,3,1,1,1,1
2,18,4,3,1924,0,2,4,2,1,3,4,27,0,2,1,3,1,0,1,2
1,12,3,2,2121,1,3,4,1,1,2,3,30,0,1,2,3,1,0,1,1
1,12,4,1,701,1,3,4,3,1,2,4,40,0,1,1,2,1,0,1,1
2,12,4,7,639,1,3,4,1,1,2,2,30,0,1,1,3,1,0,1,2
2,12,3,4,1860,1,1,4,1,1,2,2,34,0,1,2,4,1,1,1,1
1,12,3,2,3499,1,3,3,2,3,2,4,29,0,1,2,3,1,0,1,2
2,48,4,2,8487,0,4,1,2,1,2,2,24,0,1,1,3,1,0,1,1
1,36,2,6,6887,1,3,4,1,1,3,3,29,1,1,1,3,1,1,1,2
4,15,4,3,2708,1,2,2,1,1,3,3,27,2,1,2,2,1,0,1,1
4,18,4,3,1984,1,3,4,1,1,4,0,47,2,0,2,3,1,0,1,1
4,60,4,1,10144,2,4,2,2,1,4,4,21,0,1,1,3,1,1,1,1
4,12,3,1,1240,0,5,4,2,1,2,4,38,0,1,2,3,1,1,1,1
4,27,2,4,8613,4,3,2,1,1,2,2,27,0,1,2,3,1,0,1,1
2,12,4,1,766,3,3,4,1,1,3,4,66,0,1,1,2,1,0,1,2
2,15,3,1,2728,0,4,4,1,2,2,4,35,2,1,3,3,1,1,1,1
3,12,4,1,1881,1,3,2,2,1,2,2,44,0,2,1,2,1,1,1,1
3,6,4,2,709,4,2,2,3,1,2,4,27,0,1,1,1,1,0,0,1
2,36,4,1,4795,1,2,4,2,1,1,0,30,0,1,1,4,1,1,1,1
1,27,4,1,3416,1,3,3,1,1,2,2,27,0,1,1,4,1,0,1,1
1,18,4,3,2462,1,3,2,1,1,2,2,22,0,1,1,3,1,0,1,2
4,21,3,3,2288,1,2,4,2,1,4,3,23,0,1,1,3,1,1,1,1
2,48,1,5,3566,2,4,4,1,1,2,2,30,0,1,1,3,1,0,1,1
1,6,3,2,860,1,5,1,2,1,4,0,39,0,1,2,3,1,1,1,1
4,12,3,2,682,2,4,4,2,1,3,2,51,0,1,2,3,1,1,1,1
1,36,3,3,5371,1,3,3,1,2,2,3,28,0,1,2,3,1,0,1,1
4,18,3,1,1582,4,5,4,1,1,4,2,46,0,1,2,3,1,0,1,1
4,6,4,1,1346,2,5,2,1,1,4,0,42,2,0,1,3,2,1,1,1
4,10,4,1,1924,1,3,1,1,1,4,3,38,0,1,1,3,1,1,0,1
3,36,4,1,5848,1,3,4,1,1,1,2,24,0,1,1,3,1,0,1,1
2,24,3,4,7758,4,5,2,2,1,4,0,29,0,2,1,3,1,0,1,1
2,24,2,5,6967,2,4,4,1,1,4,2,36,0,2,1,4,1,1,1,1
1,12,4,3,1282,1,3,2,2,1,4,2,20,0,2,1,3,1,0,1,2
1,9,3,7,1288,2,5,3,1,2,4,4,48,0,1,2,3,2,0,0,1
1,12,1,9,339,1,5,4,3,1,1,2,45,2,1,1,2,1,0,1,1
2,24,4,2,3512,2,4,2,1,1,3,2,38,2,1,2,3,1,1,1,1
4,6,3,1,1898,0,3,1,1,1,2,4,34,0,1,2,2,2,0,1,1
4,24,3,1,2872,2,5,3,1,1,4,4,36,0,1,1,3,2,1,1,1
4,18,3,2,1055,1,2,4,2,1,1,3,30,0,1,2,3,1,0,1,1
4,15,4,10,1262,3,4,4,1,1,3,3,36,0,1,2,3,1,1,1,1
2,10,4,2,7308,1,1,2,1,1,4,0,70,2,0,1,4,1,1,1,1
4,36,4,2,909,3,5,4,1,1,4,3,36,0,1,1,3,1,0,1,1
4,6,4,3,2978,3,3,1,1,1,2,2,32,0,1,1,3,1,1,1,1
1,18,4,3,1131,1,1,4,2,1,2,2,33,0,1,1,3,1,0,1,2
2,11,4,3,1577,4,2,4,2,1,1,4,20,0,1,1,3,1,0,1,1
4,24,4,3,3972,1,4,2,2,1,4,3,25,0,2,1,3,1,1,1,1
2,24,3,5,1935,1,5,4,4,1,4,4,31,0,1,2,3,1,1,1,2
1,15,0,2,950,1,5,4,1,1,3,2,33,0,2,2,3,2,0,1,2
4,12,4,3,763,1,3,4,2,1,1,4,26,0,1,1,3,1,1,1,1
2,24,2,3,2064,1,1,3,2,1,2,3,34,0,1,1,4,1,1,1,2
2,8,4,1,1414,1,3,4,1,2,2,4,33,0,1,1,3,1,0,0,1
1,21,2,6,3414,1,2,2,1,1,1,3,26,0,1,2,3,1,0,1,2
4,30,1,4,7485,0,1,4,2,1,1,4,53,2,1,1,4,1,1,1,2
1,12,4,3,2577,1,3,2,4,1,1,2,42,0,1,1,3,1,0,1,1
1,6,3,1,338,3,5,4,1,1,4,2,52,0,1,2,3,1,0,1,1
4,12,4,1,1963,1,4,4,1,1,2,2,31,0,2,2,4,2,1,1,1
1,21,3,2,571,1,5,4,1,1,4,4,65,0,1,2,3,1,0,1,1
4,36,2,5,9572,1,2,1,4,1,1,2,28,0,1,2,3,1,0,1,2
2,36,2,5,4455,1,3,2,4,1,2,4,30,1,1,2,4,1,1,1,2
1,21,1,2,1647,0,3,4,1,1,2,3,40,0,1,2,2,2,0,1,2
4,24,3,3,3777,4,3,4,1,1,4,4,50,0,1,1,3,1,1,1,1
2,18,3,2,884,1,5,4,1,1,4,2,36,2,1,1,3,2,1,1,2
4,15,3,1,1360,1,3,4,1,1,2,3,31,0,1,2,3,1,0,1,1
2,9,1,4,5129,1,5,2,2,1,4,0,74,2,0,1,4,2,1,1,2
2,16,3,2,1175,1,1,2,1,1,3,2,68,0,0,3,1,1,1,1,1
1,12,4,1,674,2,4,4,3,1,1,3,20,0,1,1,3,1,0,1,2
2,18,0,3,3244,1,3,1,2,1,4,2,33,2,1,2,3,1,1,1,1
4,24,4,5,4591,4,3,2,1,1,3,3,54,0,1,3,4,1,1,1,2
2,48,0,5,3844,2,4,4,1,1,4,0,34,0,0,1,2,2,0,1,2
2,27,4,5,3915,1,3,4,1,1,2,2,36,0,1,1,3,2,1,1,2
4,6,4,1,2108,1,4,2,3,1,2,4,29,0,2,1,3,1,0,1,1
2,45,4,1,3031,2,3,4,1,2,4,3,21,0,2,1,3,1,0,1,2
2,9,3,6,1501,1,5,2,2,1,3,2,34,0,1,2,4,1,1,1,2
4,6,3,1,1382,1,3,1,2,1,1,2,28,0,1,2,3,1,1,1,1
2,12,4,3,951,2,2,4,2,1,4,2,27,2,2,4,3,1,0,1,2
2,24,4,4,2760,0,5,4,1,1,4,0,36,2,0,1,3,1,1,1,1
2,18,2,3,4297,1,5,4,4,1,3,0,40,0,1,1,4,1,1,1,2
4,9,3,6,936,3,5,4,1,1,2,2,52,0,1,2,3,1,1,1,1
1,12,4,2,1168,1,3,4,3,1,3,4,27,0,1,1,2,1,0,1,1
4,27,2,5,5117,1,4,3,1,1,4,2,26,0,1,2,3,1,0,1,1
1,12,4,9,902,1,4,4,3,1,4,3,21,0,2,1,3,1,0,1,2
4,12,3,2,1495,1,5,4,1,1,1,4,38,0,1,2,2,2,0,1,1
1,30,3,4,10623,1,5,3,1,1,4,0,38,0,0,3,4,2,1,1,1
4,12,3,3,1935,1,5,4,1,1,4,4,43,0,1,3,3,1,1,1,1
2,12,3,10,1424,1,4,4,1,1,3,3,26,0,1,1,3,1,0,1,1
1,24,4,5,6568,1,3,2,3,1,2,2,21,1,1,1,2,1,0,1,1
4,12,4,4,1413,4,4,3,1,1,2,3,55,0,1,1,3,1,0,0,1
4,9,3,1,3074,0,3,1,1,1,2,4,33,0,1,2,3,2,0,1,1
4,36,4,1,3835,0,5,2,2,1,4,4,45,0,1,1,2,1,1,1,1
1,27,0,5,5293,1,1,2,1,1,4,3,50,1,1,2,3,1,1,1,2
3,30,2,5,1908,1,5,4,1,1,4,4,66,0,1,1,4,1,1,1,2
4,36,3,1,3342,0,5,4,1,1,2,2,51,0,1,1,3,1,1,1,1
2,6,3,9,932,0,4,1,2,1,3,3,39,0,1,2,2,1,0,1,1
1,18,0,5,3104,1,4,3,1,1,1,3,31,2,1,1,3,1,1,1,1
3,36,4,1,3913,1,3,2,1,1,2,4,23,0,1,1,3,1,1,1,1
1,24,4,3,3021,1,3,2,4,1,2,4,24,0,2,1,2,1,0,1,1
4,10,4,2,1364,1,3,2,2,1,4,2,64,0,1,1,3,1,1,1,1
2,12,4,1,625,1,2,4,3,2,1,4,26,2,1,1,2,1,0,1,1
1,12,4,6,1200,0,3,4,2,1,4,3,23,2,2,1,3,1,1,1,1
4,12,4,1,707,1,3,4,1,1,2,4,30,2,1,2,3,1,0,1,1
4,24,2,5,2978,0,3,4,1,1,4,4,32,0,1,2,3,2,1,1,1
4,15,4,4,4657,1,3,3,1,1,2,2,30,0,1,1,3,1,1,1,1
4,36,0,7,2613,1,3,4,1,1,2,2,27,0,1,2,3,1,0,1,1
2,48,4,1,10961,4,4,1,1,3,2,0,27,2,1,2,3,1,1,1,2
1,12,4,3,7865,1,5,4,1,1,4,0,53,0,0,1,4,1,1,1,2
4,9,4,1,1478,1,4,4,1,1,2,2,22,0,1,1,3,1,0,1,2
1,24,4,3,3149,1,2,4,1,1,1,0,22,2,0,1,3,1,0,1,1
3,36,4,1,4210,1,3,4,1,1,2,2,26,0,1,1,3,1,0,1,2
4,9,4,2,2507,3,5,2,1,1,4,0,51,0,0,1,2,1,0,1,1
4,12,4,1,2141,2,4,3,1,1,1,0,35,0,1,1,3,1,0,1,1
2,18,4,1,866,1,3,4,3,2,2,4,25,0,1,1,2,1,0,1,1
4,4,3,1,1544,1,4,2,1,1,1,4,42,0,1,3,2,2,0,1,1
1,24,4,1,1823,1,1,4,1,1,2,2,30,1,1,1,4,2,0,1,2
2,6,4,2,14555,0,1,1,1,1,2,3,23,0,1,1,1,1,1,1,2
2,21,4,5,2767,2,5,4,4,1,2,2,61,2,2,2,2,1,0,1,2
4,12,3,1,1291,1,3,4,2,1,2,3,35,0,1,2,3,1,0,1,1
1,30,4,1,2522,1,5,1,1,2,3,3,39,0,1,1,3,2,0,1,1
1,24,4,2,915,0,5,4,2,1,2,2,29,2,1,1,3,1,0,1,2
4,6,4,1,1595,1,4,3,1,1,2,3,51,0,1,1,3,2,0,1,1
1,48,0,4,4605,1,5,3,1,1,4,0,24,0,0,2,3,2,0,1,2
4,12,3,5,1185,1,3,3,2,1,2,4,27,0,1,2,3,1,0,1,1
4,12,1,9,3447,3,3,4,2,1,3,4,35,0,1,1,2,2,0,1,1
4,24,4,5,1258,1,4,4,1,1,1,4,25,0,1,1,3,1,1,1,1
4,12,3,1,717,1,5,4,1,1,4,4,52,0,1,3,3,1,0,1,1
4,6,0,2,1204,2,3,4,1,1,1,0,35,2,2,1,3,1,0,0,1
3,24,4,3,1925,1,3,2,1,1,2,4,26,0,1,1,3,1,0,1,1
4,18,4,1,433,1,1,3,2,3,4,4,22,0,2,1,3,1,0,1,2
1,6,3,2,666,4,4,3,2,1,4,4,39,0,1,2,2,1,1,1,1
3,12,4,3,2251,1,3,1,2,1,2,2,46,0,1,1,2,1,0,1,1
2,30,4,2,2150,1,3,4,2,2,2,0,24,2,1,1,3,1,0,1,2
4,24,2,3,4151,2,3,2,1,1,3,3,35,0,1,2,3,1,0,1,1
2,9,4,3,2030,0,4,2,1,1,1,2,24,0,1,1,3,1,1,1,1
2,60,2,1,7418,0,3,1,1,1,1,4,27,0,1,1,2,1,0,1,1
4,24,3,1,2684,1,3,4,1,1,2,4,35,0,1,2,2,1,0,1,1
1,12,1,1,2149,1,3,4,4,1,1,0,29,0,0,1,3,1,0,1,2
4,15,4,4,3812,2,2,1,2,1,4,2,23,0,1,1,3,1,1,1,1
4,11,3,1,1154,2,1,4,2,1,4,4,57,0,1,3,2,1,0,1,1
1,12,4,3,1657,1,3,2,1,1,2,4,27,0,1,1,3,1,0,1,1
1,24,4,1,1603,1,5,4,2,1,4,2,55,0,1,1,3,1,0,1,1
1,18,3,2,5302,1,5,2,1,1,4,0,36,0,0,3,4,1,1,1,1
4,12,3,6,2748,1,5,2,2,1,4,0,57,2,0,3,2,1,0,1,1
4,10,3,2,1231,1,5,3,1,1,4,4,32,0,1,2,2,2,0,0,1
2,15,4,1,802,1,5,4,1,1,3,2,37,0,1,1,3,2,0,1,2
4,36,3,5,6304,0,5,4,1,1,4,4,36,0,1,2,3,1,0,1,1
4,24,4,1,1533,1,2,4,2,1,3,2,38,1,1,1,3,1,1,1,1
1,14,4,2,8978,1,5,1,4,1,4,3,45,0,1,1,4,1,1,0,2
4,24,4,1,999,0,5,4,1,1,2,2,25,0,1,2,3,1,0,1,1
4,18,4,2,2662,0,4,4,1,1,3,3,32,0,1,1,3,1,0,0,1
4,12,3,3,1402,3,4,3,2,1,4,2,37,0,2,1,3,1,1,1,1
2,48,1,2,12169,0,1,4,1,3,4,0,36,0,0,1,4,1,1,1,1
2,48,4,1,3060,1,4,4,1,1,4,4,28,0,1,2,3,1,0,1,2
1,30,4,7,11998,1,2,1,4,1,1,0,34,0,1,1,2,1,1,1,2
4,9,4,1,2697,1,3,1,1,1,2,4,32,0,1,1,3,2,0,1,1
4,18,3,1,2404,1,3,2,2,1,2,2,26,0,1,2,3,1,0,1,1
1,12,4,3,1262,0,5,2,4,1,4,3,49,0,1,1,2,1,1,1,1
4,6,4,3,4611,1,2,1,2,1,4,3,32,0,1,1,3,1,0,1,2
4,24,4,1,1901,2,3,4,1,1,4,2,29,0,2,1,4,1,1,1,1
4,15,3,4,3368,4,5,3,1,1,4,0,23,0,2,2,3,1,1,1,1
4,12,4,3,1574,1,3,4,1,1,2,4,50,0,1,1,3,1,0,1,1
3,18,1,1,1445,0,4,4,1,1,4,2,49,2,1,1,2,1,0,1,1
4,15,3,3,1520,0,5,4,1,1,4,3,63,0,1,1,3,1,0,1,1
2,24,3,2,3878,2,2,4,4,1,2,2,37,0,1,1,3,1,1,1,1
1,47,4,2,10722,1,2,1,2,1,1,4,35,0,1,1,2,1,1,1,1
1,48,4,4,4788,1,4,4,1,1,3,3,26,0,1,1,3,2,0,1,1
2,48,2,11,7582,2,1,2,1,1,4,0,31,0,0,1,4,1,1,1,1
2,12,4,1,1092,1,3,4,2,2,4,4,49,0,1,2,3,1,1,1,1
1,24,2,1,1024,1,2,4,3,1,4,4,48,1,1,1,3,1,0,1,2
4,12,4,5,1076,1,3,2,3,1,2,4,26,0,1,1,3,1,1,0,1
2,36,4,4,9398,1,2,1,3,1,4,2,28,0,2,1,4,1,1,1,2
1,24,3,4,6419,1,5,2,2,1,4,0,44,0,0,2,4,2,1,1,1
3,42,3,4,4796,1,5,4,1,1,4,0,56,0,0,1,3,1,0,1,1
4,48,3,5,7629,0,5,4,4,1,2,2,46,2,1,2,4,2,0,1,1
2,48,4,3,9960,1,2,1,2,1,2,2,26,0,1,1,3,1,1,1,2
4,12,4,4,4675,0,2,1,2,1,4,2,20,0,2,1,3,1,0,1,1
4,10,4,2,1287,0,5,4,1,3,2,3,45,0,1,1,2,1,0,0,1
4,18,4,3,2515,1,3,3,1,1,4,4,43,0,1,1,3,1,1,1,1
2,21,3,3,2745,4,4,3,1,1,2,2,32,0,1,2,3,1,1,1,1
4,6,4,2,672,1,1,1,2,1,4,4,54,0,1,1,1,1,1,1,1
2,36,0,1,3804,1,3,4,2,1,1,2,42,0,1,1,3,1,1,1,2
3,24,3,2,1344,0,4,4,1,1,2,4,37,2,1,2,2,2,0,1,2
1,10,3,2,1038,1,4,4,1,3,3,3,49,0,1,2,3,1,1,1,1
4,48,3,2,10127,3,3,2,1,1,2,0,44,2,0,1,3,1,0,1,2
4,6,4,3,1543,4,3,4,4,1,2,4,33,0,1,1,3,1,0,1,1
4,30,4,4,4811,0,4,2,2,1,4,3,24,1,2,1,2,1,0,1,1
1,12,4,1,727,2,2,4,3,1,3,0,33,0,1,1,2,1,1,1,2
2,8,4,3,1237,1,3,3,2,1,4,4,24,0,1,1,3,1,0,1,2
2,9,4,2,276,1,3,4,3,1,4,4,22,0,2,1,2,1,0,1,1
2,48,4,11,5381,0,1,3,1,1,4,0,40,2,0,1,1,1,1,1,1
4,24,4,3,5511,2,3,4,1,1,1,2,25,1,1,1,3,1,0,1,1
3,24,4,3,3749,1,2,2,2,1,4,2,26,0,1,1,3,1,0,1,1
2,12,4,2,685,1,4,2,3,1,3,2,25,2,1,1,2,1,0,1,2
3,4,4,2,1494,0,2,1,1,1,2,4,29,0,1,1,2,2,0,0,1
1,36,1,3,2746,1,5,4,1,1,4,2,31,2,1,1,3,1,0,1,2
1,12,4,3,708,1,3,2,1,2,3,3,38,0,1,1,2,2,0,1,1
2,24,4,3,4351,0,3,1,2,1,4,3,48,0,1,1,2,1,1,1,1
4,12,3,6,701,1,3,4,1,1,2,2,32,0,1,2,3,1,0,1,1
1,15,2,3,3643,1,5,1,2,1,4,3,27,0,1,2,2,1,0,1,1
2,30,3,2,4249,1,1,4,3,1,2,2,28,0,1,2,4,1,0,1,2
1,24,4,1,1938,1,2,4,4,1,3,3,32,0,1,1,3,1,0,1,2
1,24,4,4,2910,1,4,2,1,1,1,0,34,0,0,1,4,1,1,1,1
1,18,4,3,2659,4,3,4,1,1,2,2,28,0,1,1,3,1,0,1,1
4,18,3,2,1028,1,3,4,2,1,3,4,36,0,1,2,3,1,0,1,1
1,8,3,2,3398,1,4,1,1,1,4,4,39,0,1,2,2,1,0,0,1
4,12,3,3,5801,0,5,2,1,1,4,3,49,0,2,1,3,1,1,1,1
4,24,4,2,1525,4,4,4,2,1,3,2,34,0,1,1,3,2,1,1,1
3,36,4,1,4473,1,5,4,1,1,2,2,31,0,1,1,3,1,0,1,1
2,6,4,1,1068,1,5,4,1,1,4,2,28,0,1,1,3,2,0,1,1
1,24,3,4,6615,1,1,2,1,1,4,0,75,0,0,2,4,1,1,1,1
4,18,3,6,1864,2,3,4,2,1,2,4,30,0,1,2,3,1,0,1,2
2,60,4,2,7408,2,2,4,2,1,2,3,24,0,1,1,4,1,0,1,2
4,48,3,4,11590,2,3,2,2,1,4,2,24,2,2,2,2,1,0,1,2
1,24,0,3,4110,1,5,3,1,1,4,0,23,2,2,2,3,2,0,1,2
1,6,3,3,3384,1,3,1,4,1,4,4,44,0,2,1,4,1,1,1,2
2,13,4,1,2101,1,2,2,2,2,4,3,23,0,1,1,2,1,0,1,1
1,15,4,10,1275,0,3,4,2,1,2,2,24,0,2,1,3,1,0,1,2
1,24,4,3,4169,1,3,4,1,1,4,3,28,0,1,1,3,1,0,1,1
2,10,4,3,1521,1,3,4,4,1,2,2,31,0,1,1,2,1,0,1,1
2,24,3,6,5743,1,2,2,2,1,4,0,24,0,0,2,3,1,1,1,1
1,21,4,3,3599,1,4,1,2,1,4,2,26,0,2,1,2,1,0,1,1
2,18,4,1,3213,3,2,1,3,1,3,4,25,0,2,1,3,1,0,1,1
2,18,4,5,4439,1,5,1,1,3,1,4,33,2,1,1,4,1,1,1,1
3,10,4,2,3949,1,2,1,1,2,1,3,37,0,1,1,2,2,0,1,1
4,15,3,1,1459,1,3,4,2,1,2,2,43,0,1,1,2,1,0,1,1
2,13,3,1,882,1,2,4,1,2,4,4,23,0,1,2,3,1,0,1,1
2,24,4,1,3758,3,1,1,2,1,4,0,23,0,2,1,1,1,0,1,1
4,6,2,5,1743,2,3,1,1,1,2,4,34,0,1,2,2,1,0,1,1
2,9,3,6,1136,4,5,4,1,1,3,0,32,0,0,2,3,2,0,1,2
4,9,4,10,1236,1,2,1,2,1,4,4,23,0,2,1,3,1,1,1,1
2,9,4,3,959,1,3,1,2,1,2,2,29,0,1,1,3,1,0,0,2
4,18,3,4,3229,0,1,2,1,1,4,0,38,0,1,1,4,1,1,1,1
1,12,0,1,6199,1,3,4,1,1,2,3,28,0,2,2,3,1,1,1,2
4,10,4,6,727,3,5,4,1,1,4,0,46,0,0,1,3,1,1,1,1
2,24,4,2,1246,1,2,4,1,1,2,4,23,1,1,1,2,1,0,1,2
4,12,3,1,2331,0,5,1,1,3,4,4,49,0,1,1,3,1,1,1,1
4,36,2,1,4463,1,3,4,1,1,2,2,26,0,1,2,4,1,1,1,2
4,12,4,1,776,1,3,4,3,1,2,4,28,0,1,1,3,1,0,1,1
1,30,4,3,2406,1,4,4,2,1,4,4,23,0,2,1,3,1,0,1,2
2,18,4,6,1239,0,3,4,1,1,4,0,61,0,0,1,3,1,0,1,1
3,12,4,1,3399,0,5,2,1,1,3,2,37,0,1,1,4,1,0,1,1
3,12,2,2,2247,1,3,2,2,1,2,2,36,1,1,2,3,1,1,1,1
4,6,4,3,1766,1,3,1,3,1,2,3,21,0,2,1,3,1,0,1,1
1,18,4,3,2473,1,1,4,1,1,1,2,25,0,1,1,1,1,0,1,2
4,12,4,5,1542,1,4,2,1,1,4,2,36,0,1,1,3,1,1,1,1
4,18,3,4,3850,1,4,3,1,1,1,2,27,0,1,2,3,1,0,1,1
1,18,4,3,3650,1,2,1,2,1,4,2,22,0,2,1,3,1,0,1,1
1,36,4,3,3446,1,5,4,1,1,2,2,42,0,1,1,3,2,0,1,2
2,18,4,3,3001,1,4,2,2,1,4,4,40,0,2,1,3,1,0,1,1
4,36,4,2,3079,0,3,4,1,1,4,4,36,0,1,1,3,1,0,1,1
4,18,3,1,6070,1,5,3,1,1,4,2,33,0,1,2,3,1,1,1,1
4,10,3,3,2146,1,2,1,2,1,3,4,23,0,2,2,3,1,0,1,1
4,60,3,2,13756,0,5,2,1,1,4,0,63,2,0,1,4,1,1,1,1
2,60,1,11,14782,2,5,3,2,1,4,0,60,2,0,2,4,1,1,1,2
1,48,1,5,7685,1,4,2,2,2,4,2,37,0,2,1,3,1,0,1,2
4,18,2,1,2320,1,1,2,3,1,3,4,34,0,1,2,3,1,0,1,1
4,7,2,1,846,0,5,3,1,1,4,0,36,0,0,1,3,1,0,1,1
2,36,4,2,14318,1,5,4,1,1,2,0,57,0,0,1,4,1,1,1,2
4,6,3,2,362,2,3,4,2,1,4,2,52,0,1,2,2,1,0,1,1
1,20,4,3,2212,0,4,4,1,1,4,2,39,0,1,1,3,1,1,1,1
2,18,4,4,12976,1,1,3,2,1,4,0,38,0,0,1,4,1,1,1,2
4,22,4,2,1283,0,4,4,2,1,4,3,25,0,2,1,3,1,0,1,1
3,12,4,2,1330,1,2,4,1,1,1,4,26,0,1,1,3,1,0,1,1
4,30,2,5,4272,2,3,2,1,1,2,3,26,0,1,2,2,1,0,1,1
4,18,3,1,2238,1,3,2,2,1,1,2,25,0,1,2,3,1,0,1,1
4,18,4,1,1126,0,2,4,2,1,2,4,21,0,2,1,3,1,1,1,1
2,18,3,3,7374,1,1,4,1,1,4,3,40,1,1,2,4,1,1,1,1
2,15,3,5,2326,3,3,2,1,1,4,2,27,2,1,1,3,1,0,1,1
4,9,4,5,1449,1,4,3,2,1,2,2,27,0,1,2,3,1,0,1,1
4,18,4,2,1820,1,3,2,3,1,2,3,30,0,1,1,4,1,1,1,1
2,12,4,3,983,4,2,1,2,1,4,4,19,0,2,1,2,1,0,1,1
1,36,4,2,3249,1,4,2,1,1,4,0,39,2,0,1,4,2,1,1,1
1,6,3,1,1957,1,4,1,2,1,4,2,31,0,1,1,3,1,0,1,1
4,9,3,3,2406,1,1,2,1,1,3,2,31,0,1,1,4,1,0,1,1
2,39,2,6,11760,2,4,2,1,1,3,0,32,0,2,1,3,1,1,1,1
1,12,4,3,2578,1,1,3,2,1,4,0,55,0,0,1,4,1,0,1,1
1,36,3,3,2348,1,3,3,3,1,2,3,46,0,1,2,3,1,1,1,1
2,12,4,2,1223,1,5,1,4,1,1,4,46,0,2,2,3,1,0,1,2
4,24,3,1,1516,4,3,4,2,1,1,4,43,0,1,2,2,1,0,1,1
4,18,4,1,1473,1,2,3,3,1,4,4,39,0,1,1,3,1,1,1,1
2,18,3,5,1887,0,3,4,3,1,4,4,28,2,1,2,3,1,0,1,1
4,24,2,5,8648,1,2,2,1,1,2,2,27,2,1,2,3,1,1,1,2
4,14,2,2,802,1,3,4,1,1,2,2,27,0,1,2,2,1,0,1,1
2,18,2,2,2899,0,5,4,1,1,4,2,43,0,1,1,3,2,0,1,1
2,24,4,1,2039,1,2,1,3,1,1,3,22,0,1,1,3,1,1,1,2
4,24,3,4,2197,0,4,4,1,1,4,2,43,0,1,2,3,2,1,1,1
1,15,4,1,1053,1,2,4,3,1,2,4,27,0,1,1,3,1,0,0,1
4,24,4,1,3235,3,5,3,4,1,2,2,26,0,1,1,4,1,1,1,1
3,12,3,2,939,3,4,4,3,1,2,4,28,0,1,3,3,1,1,1,2
2,24,4,1,1967,1,5,4,2,1,4,2,20,0,1,1,3,1,1,1,1
4,33,3,4,7253,1,4,3,1,1,2,2,35,0,1,2,4,1,1,1,1
4,12,3,5,2292,1,1,4,1,1,2,2,42,1,1,2,4,1,1,1,2
4,10,4,2,1597,3,3,3,1,1,2,0,40,0,2,1,2,2,0,0,1
1,24,4,2,1381,0,3,4,2,1,2,3,35,0,1,1,3,1,0,1,2
4,36,3,4,5842,1,5,2,1,1,2,3,35,0,1,2,3,2,1,1,1
1,12,4,2,2579,1,2,4,1,1,1,4,33,0,1,1,2,2,0,1,2
1,18,2,6,8471,0,3,1,2,1,2,2,23,0,2,2,3,1,1,1,1
4,21,4,2,2782,3,4,1,2,1,2,2,31,2,1,1,4,1,0,1,1
2,18,4,2,1042,0,3,4,2,1,2,3,33,0,1,1,3,1,0,1,2
4,15,4,2,3186,4,4,2,2,1,3,2,20,0,2,1,3,1,0,1,1
2,12,4,4,2028,0,3,4,1,1,2,2,30,0,1,1,3,1,0,1,1
2,12,3,2,958,1,4,2,1,1,3,4,47,0,1,2,2,2,0,1,1
4,21,2,3,1591,2,4,4,1,1,3,4,34,0,1,2,4,1,0,1,1
2,12,4,3,2762,0,5,1,2,1,2,3,25,2,1,1,3,1,1,1,2
2,18,4,4,2779,1,3,1,3,1,3,2,21,0,2,1,3,1,1,1,1
4,28,3,1,2743,1,5,4,1,1,2,2,29,0,1,2,3,1,0,1,1
4,18,3,1,1149,4,3,4,1,1,3,4,46,0,1,2,3,1,0,1,1
4,9,4,3,1313,1,5,1,1,1,4,2,20,0,1,1,3,1,0,1,1
1,18,3,7,1190,1,1,2,2,1,4,0,55,0,0,3,1,2,0,1,2
4,5,4,5,3448,1,4,1,1,1,4,4,74,0,1,1,2,1,0,1,1
2,24,4,11,11328,1,3,2,1,3,3,2,29,2,1,2,4,1,1,1,2
1,6,3,3,1872,1,1,4,1,1,4,0,36,0,0,3,4,1,1,1,1
4,24,3,7,2058,1,3,4,4,1,2,4,33,0,1,2,3,1,1,1,1
1,9,4,3,2136,1,3,3,1,1,2,4,25,0,1,1,3,1,0,1,1
2,12,4,1,1484,0,3,2,3,1,1,4,25,0,1,1,3,1,1,1,2
4,6,4,7,660,3,4,2,3,1,4,4,23,0,2,1,2,1,0,1,1
4,24,3,2,1287,4,5,4,2,1,4,4,37,0,1,2,3,1,1,1,1
1,42,3,7,3394,1,1,4,1,3,4,2,65,0,1,2,1,1,0,1,1
3,12,1,5,609,1,2,4,2,1,1,4,26,0,1,1,1,1,0,1,2
4,12,4,2,1884,1,5,4,1,1,4,2,39,0,1,1,4,1,1,1,1
1,12,4,3,1620,1,3,2,2,3,3,3,30,0,1,1,3,1,0,1,1
2,20,2,11,2629,1,3,2,1,1,3,2,29,2,1,2,3,1,1,1,1
4,12,4,6,719,1,5,4,1,1,4,2,41,2,1,1,2,2,0,1,2
2,48,3,3,5096,1,3,2,2,1,3,2,30,0,1,1,4,1,1,1,2
4,9,3,6,1244,0,5,4,2,1,4,3,41,0,2,2,2,1,0,1,1
1,36,4,2,1842,1,2,4,2,1,4,2,34,0,1,1,3,1,1,1,2
2,7,4,1,2576,1,3,2,1,2,2,4,35,0,1,1,3,1,0,1,1
3,12,4,3,1424,0,5,3,2,1,4,4,55,0,1,1,4,1,1,1,1
2,15,2,7,1512,4,3,3,3,1,3,3,61,1,1,2,3,1,0,1,2
4,36,3,4,11054,0,3,4,1,1,2,2,30,0,1,1,4,1,1,1,1
4,6,4,1,518,1,3,3,2,1,1,4,29,0,1,1,3,1,0,1,1
4,12,0,3,2759,1,5,2,1,1,4,3,34,0,1,2,3,1,0,1,1
4,24,4,4,2670,1,5,4,1,1,4,2,35,0,1,1,4,1,1,1,1
1,24,4,2,4817,1,4,2,1,3,3,3,31,0,1,1,3,1,1,1,2
4,24,4,4,2679,1,2,4,2,1,1,0,29,0,1,1,4,1,1,1,1
1,11,3,2,3905,1,3,2,1,1,2,4,36,0,2,2,3,2,0,1,1
1,12,4,4,3386,1,5,3,1,1,4,0,35,0,0,1,3,1,1,1,2
1,6,4,10,343,1,2,4,2,1,1,4,27,0,1,1,3,1,0,1,1
4,18,4,1,4594,1,2,3,1,1,2,2,32,0,1,1,3,1,1,1,1
1,36,4,3,3620,1,3,1,1,2,2,3,37,0,1,1,3,2,0,1,1
1,15,4,2,1721,1,2,2,1,1,3,4,36,0,1,1,3,1,0,1,1
2,12,4,3,3017,1,2,3,2,1,1,4,34,0,2,1,4,1,0,1,1
2,12,4,9,754,0,5,4,1,1,4,3,38,0,1,2,3,1,0,1,1
4,18,4,5,1950,1,4,4,1,1,1,2,34,1,1,2,3,1,1,1,1
1,24,4,4,2924,1,3,3,1,2,4,0,63,2,1,1,3,2,1,1,1
1,24,2,1,1659,1,2,4,2,1,2,2,29,0,2,1,2,1,1,1,2
4,48,2,1,7238,0,5,3,1,1,3,2,32,2,1,2,3,2,0,1,1
4,33,2,5,2764,1,3,2,2,1,2,2,26,0,1,2,3,1,1,1,1
4,24,2,4,4679,1,4,3,1,1,3,2,35,0,1,2,2,1,1,1,1
2,24,4,1,3092,2,2,3,3,1,2,2,22,0,2,1,3,1,1,1,2
1,6,4,6,448,1,2,4,2,1,4,3,23,0,1,1,3,1,0,1,2
1,9,4,2,654,1,3,4,1,1,3,2,28,0,1,1,2,1,0,1,2
4,6,4,9,1238,0,1,4,1,1,4,3,36,0,1,1,4,2,1,1,1
2,18,3,1,1245,1,3,4,3,1,2,2,33,0,1,1,3,1,0,1,2
1,18,0,3,3114,1,2,1,2,1,4,3,26,0,2,1,3,1,0,1,2
4,39,4,4,2569,3,3,4,1,1,4,2,24,0,1,1,3,1,0,1,1
3,24,4,1,5152,1,4,4,1,1,2,2,25,2,1,1,3,1,0,1,1
2,12,4,5,1037,2,4,3,1,1,4,4,39,0,1,1,2,1,0,1,1
1,15,3,3,1478,1,5,4,1,1,4,2,44,0,1,2,3,2,1,1,1
2,12,3,1,3573,1,3,1,2,1,1,4,23,0,1,1,2,1,0,1,1
2,24,4,2,1201,1,2,4,1,1,1,3,26,0,1,1,3,1,0,1,1
1,30,4,3,3622,4,5,4,2,1,4,3,57,0,2,2,3,1,1,1,1
4,15,2,3,960,4,4,3,2,1,2,3,30,0,1,2,3,1,0,1,1
4,12,3,2,1163,3,3,4,1,1,4,4,44,0,1,1,3,1,1,1,1
2,6,2,2,1209,1,1,4,1,1,4,3,47,0,1,1,4,1,1,1,2
4,12,4,1,3077,1,3,2,1,1,4,2,52,0,1,1,3,1,1,1,1
4,24,4,2,3757,1,5,4,2,3,4,0,62,0,0,1,3,1,1,1,1
4,10,4,2,1418,2,3,3,1,1,2,4,35,0,2,1,2,1,0,0,1
4,6,4,2,3518,1,3,2,1,2,3,3,26,0,2,1,3,1,0,1,1
4,12,3,1,1934,1,5,2,1,1,2,0,26,0,1,2,3,1,0,1,1
2,27,0,5,8318,1,5,2,2,1,4,0,42,0,0,2,4,1,1,1,2
4,6,3,1,1237,2,3,1,2,1,1,3,27,0,1,2,3,1,0,1,1
2,6,4,1,368,0,5,4,1,1,4,3,38,0,1,1,3,1,0,1,1
1,12,3,2,2122,1,3,3,1,1,2,4,39,0,2,2,2,2,0,0,1
1,24,4,3,2996,0,3,2,3,1,4,2,20,0,1,1,3,1,0,1,2
2,36,4,3,9034,2,2,4,1,3,1,0,29,0,2,1,4,1,1,1,2
4,24,3,3,1585,1,4,4,1,1,3,3,40,0,1,2,3,1,0,1,1
2,18,4,1,1301,1,5,4,3,2,2,4,32,0,1,1,2,1,0,1,1
3,6,3,2,1323,2,5,2,4,1,4,2,28,0,1,2,3,2,1,1,1
1,24,4,2,3123,1,2,4,2,1,1,3,27,0,1,1,3,1,0,1,2
1,36,4,4,5493,1,5,2,1,1,4,0,42,0,0,1,3,2,0,1,1
3,9,4,1,1126,2,5,2,4,1,4,4,49,0,1,1,3,1,0,1,1
2,24,3,1,1216,2,2,4,1,1,4,0,38,2,1,2,3,2,0,1,2
1,24,4,2,1207,1,2,4,2,1,4,3,24,0,2,1,3,1,0,1,2
4,10,4,2,1309,0,3,4,1,2,4,3,27,0,1,1,2,1,0,1,2
3,15,3,4,2360,3,3,2,1,1,2,2,36,0,1,1,3,1,1,1,1
2,15,1,2,6850,2,1,1,1,1,2,3,34,0,1,1,4,2,1,1,2
4,24,4,1,1413,1,3,4,3,1,2,3,28,0,1,1,3,1,0,1,1
4,39,4,4,8588,2,5,4,1,1,2,2,45,0,1,1,4,1,1,1,1
1,12,4,2,759,1,4,4,1,1,2,4,26,0,1,1,3,1,0,1,2
4,36,4,4,4686,1,3,2,1,1,2,0,32,0,0,1,4,1,1,1,1
3,15,4,5,2687,1,4,2,1,1,4,3,26,0,2,1,3,1,1,1,1
2,12,2,1,585,1,3,4,3,3,4,4,20,0,2,2,3,1,0,1,1
4,24,4,2,2255,0,2,4,1,1,1,3,54,0,1,1,3,1,0,1,1
1,6,3,2,609,1,4,4,2,1,3,3,37,0,1,2,3,1,0,0,1
1,6,3,2,1361,1,2,2,1,1,4,4,40,0,1,1,2,2,0,0,1
4,36,3,3,7127,1,2,2,2,1,4,3,23,0,2,2,3,1,1,1,2
1,6,4,2,1203,2,5,3,1,1,2,3,43,0,1,1,3,1,1,1,1
4,6,3,1,700,0,5,4,1,1,4,0,36,0,0,2,3,1,0,1,1
4,24,3,7,5507,1,5,3,1,1,4,0,44,0,0,2,3,1,0,1,1
1,18,4,1,3190,1,3,2,2,1,2,4,24,0,1,1,3,1,0,1,2
1,48,0,3,7119,1,3,3,1,1,4,0,53,0,0,2,3,2,0,1,2
4,24,4,4,3488,2,4,3,2,1,4,2,23,0,1,1,3,1,0,1,1
2,18,4,1,1113,1,3,4,2,2,4,4,26,0,1,1,2,2,0,1,1
2,26,4,4,7966,1,2,2,1,1,3,2,30,0,1,2,3,1,0,1,1
4,15,3,6,1532,2,3,4,2,1,3,2,31,0,1,1,3,1,0,1,1
4,4,3,1,1503,1,4,2,1,1,1,4,42,0,1,2,2,2,0,1,1
1,36,4,1,2302,1,3,4,4,1,4,2,31,0,2,1,3,1,0,1,2
1,6,4,2,662,1,2,3,1,1,4,4,41,0,1,1,2,2,1,1,1
2,36,4,6,2273,1,4,3,1,1,1,2,32,0,1,2,3,2,0,1,1
2,15,4,2,2631,2,3,2,2,1,4,2,28,0,2,2,3,1,1,1,2
4,12,2,4,1503,1,3,4,3,1,4,4,41,0,2,1,3,1,0,1,1
4,24,4,1,1311,2,4,4,3,1,3,3,26,0,1,1,3,1,1,1,1
4,24,4,1,3105,0,2,4,1,1,2,2,25,0,1,2,3,1,0,1,1
3,21,3,6,2319,1,2,2,4,1,1,2,33,0,2,1,3,1,0,1,2
1,6,4,2,1374,0,1,4,2,1,3,3,75,0,1,1,4,1,1,1,1
2,18,3,3,3612,1,5,3,2,1,4,3,37,0,1,1,3,1,1,1,1
1,48,4,2,7763,1,5,4,1,1,4,0,42,2,0,1,4,1,0,1,2
3,18,4,3,3049,1,2,1,2,1,1,3,45,1,1,1,2,1,0,1,1
2,12,4,1,1534,1,2,1,3,1,1,4,23,0,2,1,3,1,0,1,2
4,24,2,2,2032,1,5,4,1,1,4,0,60,0,0,2,3,1,1,1,1
1,30,4,3,6350,0,5,4,1,1,4,3,31,0,1,1,3,1,0,1,2
3,18,4,3,2864,1,3,2,1,1,1,4,34,0,1,1,2,2,0,1,2
4,12,3,2,1255,1,5,4,1,1,4,4,61,0,1,2,2,1,0,1,1
1,24,2,2,1333,1,1,4,1,1,2,4,43,0,0,2,3,2,0,1,2
4,24,3,2,2022,1,3,4,2,1,4,2,37,0,1,1,3,1,1,1,1
4,24,4,1,1552,1,4,3,1,1,1,2,32,2,1,1,3,2,0,1,1
1,12,1,1,626,1,3,4,2,1,4,4,24,2,1,1,2,1,0,1,2
4,48,3,4,8858,0,4,2,1,1,1,0,35,0,0,2,3,1,1,1,1
4,12,3,7,996,0,4,4,2,1,4,4,23,0,1,2,3,1,0,1,1
4,6,1,1,1750,3,5,2,1,1,4,3,45,2,1,1,2,2,0,1,1
1,48,4,1,6999,1,4,1,3,2,1,4,34,0,1,2,3,1,1,1,2
2,12,3,2,1995,2,2,4,1,1,1,2,27,0,1,1,3,1,0,1,1
2,9,4,6,1199,1,4,4,2,1,4,3,67,0,1,2,4,1,1,1,1
2,12,4,1,1331,1,2,2,1,1,1,2,22,1,1,1,3,1,0,1,2
2,18,0,2,2278,2,2,3,2,1,3,2,28,0,1,2,3,1,0,1,2
4,21,0,2,5003,0,3,1,2,1,4,3,29,2,1,2,3,1,1,1,2
1,24,1,3,3552,1,4,3,1,1,4,2,27,2,1,1,3,1,0,1,2
2,18,3,3,1928,1,2,2,1,1,2,4,31,0,1,2,2,1,0,1,2
1,24,4,4,2964,0,5,4,1,1,4,0,49,2,0,1,3,2,1,1,1
1,24,1,1,1546,1,4,4,1,2,4,2,24,2,2,1,2,1,0,1,2
3,6,2,1,683,1,2,2,2,1,1,3,29,2,1,1,3,1,0,1,1
2,36,4,2,12389,0,3,1,1,1,4,0,37,0,0,1,3,1,1,1,2
2,24,2,5,4712,0,3,4,1,1,2,3,37,2,1,2,4,1,1,1,1
2,24,2,1,1553,2,4,3,2,1,2,3,23,0,2,2,3,1,1,1,1
1,12,4,2,1372,1,4,2,4,1,3,2,36,0,1,1,3,1,0,1,2
4,24,3,1,2578,4,5,2,1,1,2,2,34,0,1,1,3,1,0,1,1
2,48,4,1,3979,0,4,4,1,1,1,2,41,0,1,2,3,2,1,1,1
1,48,4,1,6758,1,3,3,2,1,2,2,31,0,1,1,3,1,1,1,2
1,24,4,3,3234,1,2,4,2,1,4,4,23,0,2,1,2,1,1,1,2
4,30,3,1,5954,1,4,3,1,3,2,2,38,0,1,1,3,1,0,1,1
4,24,4,4,5433,0,1,2,2,1,4,3,26,0,2,1,4,1,1,1,1
1,15,4,5,806,1,3,4,2,1,4,3,22,0,1,1,2,1,0,1,1
2,9,4,1,1082,1,5,4,1,1,4,2,27,0,1,2,2,1,0,1,1
4,15,3,3,2788,1,4,2,2,3,3,2,24,2,1,2,3,1,0,1,1
2,12,4,1,2930,1,4,2,2,1,1,4,27,0,1,1,3,1,0,1,1
4,24,3,6,1927,0,3,3,2,1,2,2,33,0,1,2,3,1,1,1,1
2,36,3,2,2820,1,2,4,4,1,4,2,27,0,1,2,3,1,0,1,2
4,24,4,9,937,1,2,4,3,1,3,2,27,0,1,2,2,1,0,1,1
2,18,3,2,1056,1,5,3,1,2,3,4,30,2,1,2,3,1,0,1,2
2,12,3,2,3124,1,2,1,1,1,3,4,49,2,1,2,2,2,0,1,1
4,9,4,3,1388,1,3,4,2,1,2,4,26,0,2,1,3,1,0,1,1
2,36,4,7,2384,1,2,4,1,1,1,0,33,0,2,1,2,1,0,1,2
4,12,4,2,2133,0,5,4,2,1,4,0,52,0,0,1,4,1,1,1,1
1,18,4,3,2039,1,3,1,2,1,4,4,20,2,2,1,3,1,0,1,2
1,9,3,2,2799,1,3,2,1,1,2,4,36,0,2,2,3,2,0,1,1
1,12,4,3,1289,1,3,4,1,2,1,3,21,0,1,1,2,1,0,1,1
1,18,4,10,1217,1,3,4,3,1,3,4,47,0,1,1,2,1,1,1,2
1,12,3,3,2246,1,5,3,1,1,3,3,60,0,1,2,3,1,0,1,2
1,12,3,1,385,1,4,4,2,1,3,4,58,0,1,4,2,1,1,1,1
2,24,2,2,1965,0,3,4,2,1,4,2,42,0,2,2,3,1,1,1,1
4,21,4,5,1572,4,5,4,2,1,4,4,36,2,1,1,2,1,0,1,1
2,24,4,2,2718,1,3,3,2,1,4,3,20,0,2,1,2,1,1,1,2
1,24,1,11,1358,0,5,4,1,1,3,2,40,1,1,1,4,1,1,1,2
2,6,1,2,931,2,2,1,2,1,1,3,32,1,1,1,2,1,0,1,2
1,24,4,2,1442,1,4,4,2,1,4,2,23,0,2,2,3,1,0,1,2
2,24,0,5,4241,1,3,1,1,1,4,4,36,0,1,3,2,1,1,1,2
4,18,3,2,2775,1,4,2,1,1,2,3,31,2,1,2,3,1,0,1,2
4,24,2,5,3863,1,3,1,1,1,2,0,32,0,0,1,3,1,0,1,1
2,7,4,1,2329,1,2,1,2,2,1,4,45,0,1,1,3,1,0,1,1
2,9,4,3,918,1,3,4,2,1,1,3,30,0,1,1,3,1,0,1,2
2,24,1,6,1837,1,4,4,2,1,4,0,34,2,0,1,2,1,0,1,2
4,36,4,3,3349,1,3,4,2,1,2,2,28,0,1,1,4,1,1,1,2
3,10,4,3,1275,1,2,4,2,1,2,3,23,0,1,1,3,1,0,1,1
1,24,1,3,2828,3,3,4,1,1,4,4,22,1,1,1,3,1,1,1,1
4,24,3,5,4526,1,3,3,1,1,2,4,74,0,1,1,4,1,1,1,1
2,36,4,1,2671,2,3,4,2,3,4,0,50,0,0,1,3,1,0,1,2
4,18,4,1,2051,1,2,4,1,1,1,4,33,0,1,1,3,1,0,1,1
4,15,4,4,1300,0,5,4,1,1,4,0,45,2,0,1,3,2,0,1,1
1,12,4,10,741,2,1,4,2,1,3,3,22,0,1,1,3,1,0,1,2
3,10,4,2,1240,2,5,1,2,1,4,0,48,0,0,1,2,2,0,1,2
1,21,4,1,3357,4,2,4,2,1,2,2,29,2,1,1,3,1,0,1,1
1,24,1,4,3632,1,3,1,2,2,4,2,22,2,2,1,3,1,0,0,1
4,18,2,3,1808,1,4,4,2,1,1,4,22,0,1,1,3,1,0,1,2
2,48,0,5,12204,0,3,2,1,1,2,2,48,2,1,1,4,1,1,1,1
2,60,2,1,9157,0,3,2,1,1,2,0,27,0,0,1,4,1,0,1,1
1,6,3,2,3676,1,3,1,1,1,3,4,37,0,2,3,3,2,0,1,1
2,30,4,3,3441,2,3,2,2,3,4,2,21,0,2,1,3,1,0,1,2
4,12,4,2,640,1,3,4,4,1,2,4,49,0,1,1,2,1,0,1,1
2,21,3,5,3652,1,4,2,1,1,3,3,27,0,1,2,3,1,0,1,1
4,18,3,2,1530,1,3,3,1,1,2,3,32,2,1,2,3,1,0,1,2
4,48,4,5,3914,0,3,4,4,1,2,4,38,2,1,1,3,1,0,1,2
1,12,4,3,1858,1,2,4,2,1,1,2,22,0,2,1,3,1,0,1,1
1,18,4,1,2600,1,3,4,1,1,4,0,65,0,0,2,3,1,0,1,2
4,15,4,1,1979,0,5,4,1,1,2,2,35,0,1,1,3,1,0,1,1
3,6,4,3,2116,1,3,2,1,1,2,4,41,0,1,1,3,1,1,1,1
2,9,1,2,1437,2,4,2,1,1,3,0,29,0,1,1,3,1,0,1,2
4,42,3,3,4042,3,3,4,1,1,4,4,36,0,1,2,3,1,1,1,1
4,9,4,6,3832,0,5,1,1,1,4,4,64,0,1,1,2,1,0,1,1
1,24,4,1,3660,1,3,2,2,1,4,2,28,0,1,1,3,1,0,1,1
1,18,1,3,1553,1,3,4,1,1,3,2,44,2,1,1,3,1,0,1,2
2,15,4,1,1444,0,2,4,1,1,1,3,23,0,1,1,3,1,0,1,1
4,9,4,3,1980,1,2,2,2,3,2,2,19,0,2,2,3,1,0,1,2
2,24,4,2,1355,1,2,3,2,1,4,2,25,0,1,1,2,1,1,1,2
4,12,4,6,1393,1,5,4,1,1,4,3,47,2,1,3,3,2,1,1,1
4,24,4,1,1376,3,4,4,2,1,1,2,28,0,1,1,3,1,0,1,1
4,60,2,1,15653,1,4,2,1,1,4,2,21,0,1,2,3,1,1,1,1
4,12,4,1,1493,1,2,4,2,1,3,2,34,0,1,1,3,2,0,1,1
1,42,2,1,4370,1,4,3,1,1,2,3,26,2,1,2,3,2,1,1,2
1,18,4,6,750,1,1,4,2,1,1,4,27,0,1,1,1,1,0,1,2
2,15,4,7,1308,1,5,4,1,1,4,2,38,0,1,2,2,1,0,1,1
4,15,4,6,4623,2,3,3,1,1,2,3,40,0,1,1,4,1,1,1,2
4,24,3,1,1851,1,4,4,3,2,2,2,33,0,1,2,3,1,1,1,1
1,18,3,1,1880,1,4,4,3,1,1,3,32,0,1,2,4,1,1,1,1
4,36,2,5,7980,0,2,4,1,1,4,2,27,0,2,2,3,1,1,1,2
1,30,0,3,4583,1,3,2,4,2,2,4,32,0,1,2,3,1,0,1,1
4,12,4,2,1386,3,3,2,2,1,2,3,26,0,1,1,3,1,0,1,2
3,24,4,2,947,1,4,4,1,1,3,0,38,2,0,1,3,2,0,1,2
1,12,4,6,684,1,3,4,1,1,4,2,40,0,2,1,2,2,0,1,2
1,48,4,6,7476,1,4,4,1,1,1,0,50,0,0,1,4,1,1,1,1
2,12,4,3,1922,1,3,4,1,1,2,3,37,0,1,1,2,1,0,1,2
1,24,4,2,2303,1,5,4,1,3,1,4,45,0,1,1,3,1,0,1,2
2,36,2,2,8086,2,5,2,1,1,4,2,42,0,1,4,4,1,1,1,2
4,24,3,4,2346,1,4,4,1,1,3,2,35,0,1,2,3,1,1,1,1
1,14,4,2,3973,1,1,1,1,1,4,0,22,0,0,1,3,1,0,1,1
2,12,4,2,888,1,5,4,1,1,4,2,41,2,1,1,2,2,0,1,2
4,48,4,1,10222,0,4,4,1,1,3,2,37,1,1,1,3,1,1,1,1
2,30,0,5,4221,1,3,2,2,1,1,2,28,0,1,2,3,1,0,1,1
2,18,3,3,6361,1,5,2,1,1,1,0,41,0,1,1,3,1,1,1,1
3,12,4,1,1297,1,3,3,3,1,4,4,23,0,2,1,3,1,0,1,1
1,12,4,2,900,0,3,4,3,1,2,2,23,0,1,1,3,1,0,1,2
4,21,4,3,2241,1,5,4,1,1,2,4,50,0,1,2,3,1,0,1,1
2,6,2,3,1050,1,1,4,1,1,1,3,35,1,1,2,4,1,1,1,1
3,6,3,6,1047,1,3,2,2,1,4,3,50,0,1,1,2,1,0,1,1
4,24,3,11,6314,1,1,4,1,3,2,0,27,2,1,2,4,1,1,1,1
2,30,1,3,3496,4,3,4,1,1,2,2,34,1,1,1,3,2,1,1,1
4,48,1,5,3609,1,3,1,2,1,1,4,27,1,1,1,3,1,0,1,1
1,12,3,2,4843,1,5,3,1,3,4,3,43,0,2,2,3,1,1,1,2
3,30,3,1,3017,1,5,4,1,1,4,3,47,0,1,1,3,1,0,1,1
4,24,3,5,4139,2,3,3,1,1,3,3,27,0,1,2,2,1,1,1,1
4,36,4,5,5742,2,4,2,1,1,2,2,31,0,1,2,3,1,1,1,1
4,60,4,2,10366,1,5,2,1,1,4,3,42,0,1,1,4,1,1,1,1
4,6,3,2,2080,3,3,1,3,1,2,2,24,0,1,1,3,1,0,1,1
4,21,2,5,2580,3,2,4,1,1,2,4,41,2,1,1,2,2,0,1,2
4,30,3,1,4530,1,4,4,2,1,4,2,26,0,2,1,4,1,1,1,1
4,24,3,3,5150,1,5,4,1,1,4,2,33,0,1,1,3,1,1,1,1
2,72,4,1,5595,2,3,2,3,1,2,2,24,0,1,1,3,1,0,1,2
1,24,4,1,2384,1,5,4,1,1,4,4,64,2,2,1,2,1,0,1,1
4,18,4,1,1453,1,2,3,2,1,1,4,26,0,1,1,3,1,0,1,1
4,6,4,6,1538,1,2,1,2,1,2,0,56,0,1,1,3,1,0,1,1
4,12,4,1,2279,0,3,4,1,1,4,0,37,0,0,1,3,1,1,1,1
4,15,2,1,1478,1,3,4,3,1,3,4,33,2,1,2,3,1,0,1,1
4,24,3,1,5103,1,2,3,3,1,3,0,47,0,0,3,3,1,1,1,1
2,36,2,5,9857,2,4,1,1,1,3,3,31,0,1,2,2,2,1,1,1
4,60,4,2,6527,0,3,4,1,1,4,0,34,0,0,1,3,2,1,1,1
3,10,3,1,1347,0,4,4,1,1,2,3,27,0,1,2,3,1,1,1,1
2,36,2,2,2862,2,5,4,1,1,3,0,30,0,0,1,3,1,0,1,1
4,9,4,1,2753,2,5,3,1,3,4,2,35,0,1,1,3,1,1,1,1
1,12,4,2,3651,4,3,1,1,1,3,3,31,0,1,1,3,2,0,1,1
1,15,3,3,975,1,3,2,4,1,3,3,25,0,1,2,3,1,0,1,1
2,15,4,7,2631,2,3,3,2,1,2,4,25,0,1,1,2,1,0,1,1
2,24,4,1,2896,2,2,2,1,1,1,2,29,0,1,1,3,1,0,1,1
1,6,3,2,4716,0,2,1,1,1,3,4,44,0,1,2,2,2,0,1,1
4,24,4,1,2284,1,4,4,1,1,2,2,28,0,1,1,3,1,1,1,1
4,6,4,4,1236,3,3,2,1,1,4,3,50,0,2,1,3,1,0,1,1
2,12,4,1,1103,1,4,4,1,2,3,4,29,0,1,2,3,1,0,0,1
4,12,3,2,926,1,1,1,2,1,2,3,38,0,1,1,1,1,0,1,1
4,18,3,1,1800,1,3,4,1,1,2,2,24,0,1,2,3,1,0,1,1
3,15,4,6,1905,1,5,4,1,1,4,2,40,0,2,1,4,1,1,1,1
4,12,4,3,1123,3,3,4,2,1,4,2,29,0,2,1,2,1,0,1,2
1,48,3,4,6331,1,5,4,1,1,4,0,46,0,0,2,3,1,1,1,2
3,24,4,1,1377,2,5,4,2,1,2,0,47,0,0,1,3,1,1,1,1
2,30,2,5,2503,2,5,4,1,1,2,3,41,1,1,2,3,1,0,1,1
2,27,4,5,2528,1,2,4,2,1,1,3,32,0,1,1,3,2,1,1,1
4,15,4,2,5324,3,5,1,2,1,4,0,35,0,0,1,3,1,0,1,1
2,48,4,2,6560,2,4,3,1,1,2,3,24,0,1,1,3,1,0,1,2
2,12,0,3,2969,1,2,4,2,1,3,3,25,0,2,2,3,1,0,1,2
2,9,4,1,1206,1,5,4,2,1,4,4,25,0,1,1,3,1,0,1,1
2,9,4,1,2118,1,3,2,1,1,2,4,37,0,1,1,2,2,0,1,1
4,18,3,1,629,3,5,4,1,1,3,3,32,2,1,2,4,1,1,1,1
1,6,1,6,1198,1,5,4,2,1,4,0,35,0,0,1,3,1,0,1,2
4,21,4,4,2476,0,5,4,1,1,4,4,46,0,1,1,4,1,1,1,1
1,9,3,1,1138,1,3,4,1,1,4,4,25,0,1,2,2,1,0,1,1
2,60,4,2,14027,1,4,4,1,1,2,0,27,0,1,1,4,1,1,1,2
4,30,3,4,7596,0,5,1,1,1,4,2,63,0,1,2,3,1,0,1,1
4,30,3,1,3077,0,5,3,1,1,2,2,40,0,1,2,3,2,1,1,1
4,18,4,1,1505,1,3,4,1,1,2,0,32,0,0,1,4,1,1,1,1
3,24,3,1,3148,0,3,3,1,1,2,2,31,0,1,2,3,1,1,1,1
2,20,0,4,6148,2,5,3,3,1,4,2,31,2,1,2,3,1,1,1,1
3,9,0,1,1337,1,2,4,1,1,2,2,34,0,1,2,4,1,1,1,2
2,6,1,6,433,4,2,4,2,1,2,3,24,2,2,1,3,2,0,1,2
1,12,4,2,1228,1,3,4,2,1,2,4,24,0,1,1,2,1,0,1,2
2,9,4,1,790,3,3,4,2,1,3,4,66,0,1,1,2,1,0,1,1
4,27,4,2,2570,1,3,3,2,1,3,4,21,0,2,1,3,1,0,1,2
4,6,3,2,250,4,3,2,2,1,2,4,41,2,1,2,2,1,0,1,1
4,15,3,1,1316,3,3,2,3,1,2,3,47,0,1,2,2,1,0,1,1
1,18,4,1,1882,1,3,4,2,1,4,2,25,2,2,2,3,1,0,1,2
2,48,1,5,6416,1,5,4,2,1,3,0,59,0,2,1,3,1,0,1,2
3,24,3,5,1275,4,3,2,4,1,4,4,36,0,1,2,3,1,1,1,1
2,24,2,1,6403,1,2,1,1,1,2,2,33,0,1,1,3,1,0,1,1
1,24,4,1,1987,1,3,2,1,1,4,4,21,0,2,1,2,2,0,1,2
2,8,4,1,760,1,4,4,2,2,2,4,44,0,1,1,2,1,0,1,1
4,24,4,4,2603,4,3,2,2,1,4,2,28,0,2,1,3,1,1,1,1
4,4,3,2,3380,1,4,1,2,1,1,4,37,0,1,1,3,2,0,1,1
2,36,1,10,3990,0,2,3,2,1,2,0,29,2,1,1,1,1,0,1,1
2,24,4,4,11560,1,3,1,2,1,4,2,23,0,2,2,4,1,0,1,2
1,18,4,2,4380,2,3,3,1,1,4,2,35,0,1,1,2,2,1,1,1
4,6,3,2,6761,1,4,1,1,1,3,0,45,0,1,2,4,2,1,1,1
2,30,0,5,4280,2,3,4,2,1,4,2,26,0,2,2,2,1,0,1,2
1,24,1,2,2325,2,4,2,1,1,3,2,32,2,1,1,3,1,0,1,1
2,10,1,1,1048,1,3,4,1,1,4,4,23,1,1,1,2,1,0,1,1
4,21,4,1,3160,0,5,4,1,1,3,3,41,0,1,1,3,1,1,1,1
1,24,1,3,2483,3,3,4,1,1,4,4,22,1,1,1,3,1,1,1,1
1,39,3,3,14179,0,4,4,1,1,4,3,30,0,1,2,4,1,1,1,1
1,13,3,5,1797,1,2,3,1,1,1,3,28,2,1,2,2,1,0,1,1
1,15,4,2,2511,1,1,1,2,1,4,2,23,0,2,1,3,1,0,1,1
1,12,4,2,1274,1,2,3,2,1,1,4,37,0,1,1,2,1,0,1,2
4,21,4,4,5248,0,3,1,1,1,3,2,26,0,1,1,3,1,0,1,1
4,15,4,4,3029,1,4,2,1,1,2,2,33,0,1,1,3,1,0,1,1
1,6,4,3,428,1,5,2,2,1,1,3,49,2,1,1,3,1,1,1,1
1,18,4,2,976,1,2,1,2,1,2,2,23,0,1,1,2,1,0,1,2
2,12,4,5,841,2,4,2,2,1,4,4,23,0,2,1,2,1,0,1,1
4,30,3,1,5771,1,4,4,2,1,2,2,25,0,1,2,3,1,0,1,1
4,12,2,7,1555,4,5,4,1,1,4,0,55,0,0,2,3,2,0,1,2
1,24,4,2,1285,0,4,4,2,1,4,0,32,0,2,1,3,1,0,1,2
3,6,3,2,1299,1,3,1,1,1,1,4,74,0,1,3,1,2,0,0,1
3,15,3,1,1271,0,3,3,1,1,4,0,39,0,0,2,3,1,1,1,2
4,24,4,2,1393,1,3,2,1,2,2,4,31,0,1,1,3,1,1,1,1
1,12,3,2,691,1,5,4,1,1,3,3,35,0,1,2,3,1,0,1,2
4,15,3,2,5045,0,5,1,2,1,4,2,59,0,1,1,3,1,1,1,1
1,18,3,3,2124,1,3,4,2,1,4,4,24,0,2,2,3,1,0,1,2
1,12,4,1,2214,1,3,4,1,1,3,3,24,0,1,1,2,1,0,1,1
4,21,3,2,12680,0,5,4,1,1,4,0,30,0,0,1,4,1,1,1,2
4,24,3,2,2463,2,4,4,3,1,3,3,27,0,1,2,3,1,1,1,1
2,12,4,1,1155,1,5,3,3,2,3,4,40,2,1,2,2,1,0,1,1
1,30,4,3,3108,1,2,2,4,1,4,3,31,0,1,1,2,1,0,1,2
4,10,4,4,2901,0,2,1,2,1,4,4,31,0,2,1,3,1,0,1,1
2,12,3,3,3617,1,5,1,1,1,4,2,28,0,2,3,3,1,1,1,1
4,12,3,1,1655,1,5,2,1,1,4,4,63,0,1,2,2,1,1,1,1
1,24,4,4,2812,0,5,2,2,1,4,4,26,0,2,1,3,1,0,1,1
1,36,3,6,8065,1,3,3,2,1,2,0,25,0,1,2,4,1,1,1,2
4,21,3,4,3275,1,5,1,1,1,4,2,36,0,1,1,4,1,1,1,1
4,24,3,1,2223,2,5,4,1,1,4,3,52,2,1,2,3,1,0,1,1
3,12,3,2,1480,3,1,2,1,1,4,0,66,2,0,3,1,1,0,1,1
1,24,4,2,1371,0,3,4,2,1,4,4,25,0,2,1,3,1,0,1,2
4,36,3,2,3535,1,4,4,1,1,4,2,37,0,1,2,3,1,1,1,1
1,18,4,1,3509,1,4,4,2,2,1,4,25,0,1,1,3,1,0,1,1
4,36,3,4,5711,4,5,4,1,1,2,2,38,0,1,2,4,1,1,1,1
2,18,4,7,3872,1,1,2,2,1,4,2,67,0,1,1,3,1,1,1,1
2,39,3,1,4933,1,4,2,1,2,2,4,25,0,1,2,3,1,0,1,2
4,24,3,2,1940,4,5,4,1,1,4,4,60,0,1,1,3,1,1,1,1
2,12,0,9,1410,1,3,2,1,1,2,4,31,0,1,1,2,1,1,1,1
2,12,4,2,836,2,2,4,2,1,2,3,23,2,1,1,2,1,0,1,2
2,20,4,4,6468,0,1,1,4,1,4,4,60,0,1,1,4,1,1,1,1
2,18,4,5,1941,4,3,4,1,1,2,3,35,0,1,1,2,1,1,1,1
4,22,4,1,2675,3,5,3,1,1,4,2,40,0,1,1,3,1,0,1,1
4,48,3,4,2751,0,5,4,1,1,3,2,38,0,1,2,3,2,1,1,1
2,48,2,6,6224,1,5,4,1,1,4,0,50,0,0,1,3,1,0,1,2
1,40,3,6,5998,1,3,4,1,1,3,0,27,2,1,1,3,1,1,1,2
2,21,4,5,1188,1,5,2,2,1,4,3,39,0,1,1,3,2,0,1,2
4,24,4,4,6313,0,5,3,1,1,4,2,41,0,1,1,4,2,1,1,1
4,6,3,3,1221,0,3,1,3,1,2,3,27,0,1,2,3,1,0,1,1
3,24,4,3,2892,1,5,3,4,1,4,0,51,0,0,1,3,1,0,1,1
4,24,4,3,3062,3,5,4,1,1,3,0,32,0,2,1,3,1,1,1,1
4,9,4,3,2301,2,2,2,2,1,4,3,22,0,2,1,3,1,0,1,1
1,18,4,4,7511,0,5,1,1,1,4,3,51,0,0,1,3,2,1,1,2
4,12,3,3,1258,1,2,2,2,1,4,3,22,0,2,2,2,1,0,1,1
4,24,2,2,717,0,5,4,3,1,4,2,54,0,1,2,3,1,1,1,1
2,9,4,2,1549,0,2,4,1,1,2,4,35,0,1,1,1,1,0,1,1
4,24,3,6,1597,1,5,4,1,1,4,0,54,0,0,2,3,2,0,1,1
2,18,3,1,1795,1,5,3,2,2,4,4,48,2,2,2,2,1,1,1,1
1,20,3,3,4272,1,5,1,2,1,4,3,24,0,1,2,3,1,0,1,1
4,12,3,1,976,0,5,4,1,1,4,2,35,0,1,2,3,1,0,1,1
2,12,4,2,7472,0,1,1,2,1,2,4,24,0,2,1,1,1,0,1,1
1,36,4,2,9271,1,4,2,1,1,1,2,24,0,1,1,3,1,1,1,2
2,6,4,1,590,1,2,3,3,1,3,4,26,0,1,1,2,1,0,0,1
4,12,3,1,930,0,5,4,1,1,4,4,65,0,1,4,3,1,0,1,1
2,42,1,4,9283,1,1,1,1,1,2,0,55,2,0,1,4,1,1,1,1
2,15,0,2,1778,1,2,2,2,1,1,4,26,0,2,2,1,1,0,1,2
2,8,4,5,907,1,2,3,3,1,2,4,26,0,1,1,3,1,1,1,1
2,6,4,1,484,1,4,3,3,2,3,4,28,2,1,1,2,1,0,1,1
1,36,3,4,9629,1,4,4,1,1,4,2,24,0,1,2,3,1,1,1,2
1,48,4,10,3051,1,3,3,1,1,4,2,54,0,1,1,3,1,0,1,2
1,48,4,2,3931,1,4,4,1,1,4,0,46,0,0,1,3,2,0,1,2
2,36,2,2,7432,1,3,2,2,1,2,3,54,0,2,1,3,1,0,1,1
4,6,4,10,1338,3,3,1,4,1,4,4,62,0,1,1,3,1,0,1,1
4,6,3,1,1554,1,4,1,2,1,2,2,24,0,2,2,3,1,1,1,1
1,36,4,11,15857,1,1,2,4,3,3,2,43,0,1,1,4,1,0,1,1
1,18,4,1,1345,1,3,4,3,1,3,4,26,2,1,1,3,1,0,1,2
4,12,4,2,1101,1,3,3,3,1,2,4,27,0,1,2,3,1,1,1,1
3,12,4,1,3016,1,3,3,3,1,1,2,24,0,1,1,3,1,0,1,1
1,36,4,3,2712,1,5,2,1,1,2,3,41,2,1,1,3,2,0,1,2
1,8,3,2,731,1,5,4,1,1,4,4,47,0,1,2,2,1,0,1,1
4,18,3,3,3780,1,2,3,4,1,2,2,35,0,1,2,4,1,1,1,1
1,21,3,2,1602,1,5,4,3,1,3,2,30,0,1,2,3,1,1,1,1
1,18,3,2,3966,1,5,1,2,1,4,4,33,2,2,3,3,1,1,1,2
4,18,0,5,4165,1,3,2,1,1,2,2,36,1,1,2,3,2,0,1,2
1,36,4,4,8335,0,5,3,1,1,4,0,47,0,0,1,3,1,0,1,2
2,48,2,5,6681,0,3,4,1,1,4,0,38,0,0,1,3,2,1,1,1
4,24,2,5,2375,3,3,4,1,1,2,2,44,0,1,2,3,2,1,1,1
1,18,4,2,1216,1,2,4,2,1,3,2,23,0,2,1,3,1,1,1,2
1,45,0,5,11816,1,5,2,1,1,4,2,29,0,2,2,3,1,0,1,2
2,24,4,1,5084,0,5,2,2,1,4,2,42,0,1,1,3,1,1,1,1
3,15,4,1,2327,1,2,2,2,1,3,4,25,0,1,1,2,1,0,1,2
1,12,0,2,1082,1,3,4,1,1,4,2,48,2,1,2,3,1,0,1,2
4,12,4,1,886,0,3,4,2,1,2,2,21,0,1,1,3,1,0,1,1
4,4,4,3,601,1,2,1,2,1,3,4,23,0,2,1,2,2,0,1,1
1,24,3,4,2957,1,5,4,1,1,4,3,63,0,1,2,3,1,1,1,1
4,24,3,1,2611,1,5,4,3,3,3,4,46,0,1,2,3,1,0,1,1
1,36,4,3,5179,1,4,4,1,1,2,3,29,0,1,1,3,1,0,1,2
4,21,2,4,2993,1,3,3,1,1,2,4,28,1,1,2,2,1,0,1,1
4,18,4,7,1943,1,2,4,2,1,4,4,23,0,1,1,3,1,0,1,2
4,24,1,5,1559,1,4,4,1,1,4,2,50,2,1,1,3,1,1,1,1
4,18,4,3,3422,1,5,4,1,1,4,3,47,2,1,3,3,2,1,1,1
2,21,4,3,3976,0,4,2,1,1,3,2,35,0,1,1,3,1,1,1,1
4,18,4,2,6761,0,3,2,1,1,4,2,68,0,2,2,3,1,0,1,2
4,24,4,2,1249,1,2,4,3,1,2,4,28,0,1,1,3,1,0,1,1
1,9,4,1,1364,1,4,3,1,1,4,4,59,0,1,1,3,1,0,1,1
1,12,4,1,709,1,5,4,1,1,4,4,57,1,1,1,2,1,0,1,2
1,20,3,2,2235,1,3,4,3,2,2,3,33,2,2,2,3,1,0,0,2
4,24,3,4,4042,0,4,3,1,1,4,3,43,0,1,2,3,1,1,1,1
4,15,3,1,1471,1,3,4,1,1,4,0,35,0,0,2,3,1,1,1,1
1,18,1,2,1442,1,4,4,1,1,4,0,32,0,0,2,2,2,0,1,2
4,36,2,2,10875,1,5,2,1,1,2,2,45,0,1,2,3,2,1,1,1
4,24,4,2,1474,2,2,4,3,1,3,4,33,0,1,1,3,1,1,1,1
4,10,4,9,894,0,4,4,2,1,3,3,40,0,1,1,3,1,1,1,1
4,15,3,3,3343,1,3,4,1,1,2,0,28,0,0,1,3,1,1,1,1
1,15,4,2,3959,1,3,3,2,1,2,3,29,0,1,1,3,1,1,1,2
4,9,4,2,3577,2,3,1,1,2,2,4,26,0,2,1,3,2,0,0,1
4,24,3,4,5804,4,3,4,1,1,2,4,27,0,1,2,3,1,0,1,1
4,18,2,5,2169,1,3,4,3,1,2,2,28,0,1,1,3,1,1,1,2
1,24,4,1,2439,1,2,4,2,1,4,4,35,0,1,1,3,1,1,1,2
4,27,3,3,4526,4,2,4,1,1,2,4,32,1,1,2,2,2,1,1,1
4,10,4,3,2210,1,3,2,1,1,2,4,25,2,2,1,2,1,0,1,2
4,15,4,3,2221,3,3,2,2,1,4,2,20,0,2,1,3,1,0,1,1
1,18,4,1,2389,1,2,4,2,1,1,2,27,1,1,1,3,1,0,1,1
4,12,3,3,3331,1,5,2,1,1,4,3,42,1,1,1,3,1,0,1,1
4,36,4,5,7409,0,5,3,1,1,2,3,37,0,1,2,3,1,0,1,1
1,12,4,3,652,1,5,4,2,1,4,3,24,0,2,1,3,1,0,1,1
4,36,2,3,7678,3,4,2,2,1,4,2,40,0,1,2,3,1,1,1,1
3,6,3,2,1343,1,5,1,1,1,4,4,46,0,1,2,3,2,0,0,1
1,24,3,5,1382,2,4,4,1,1,1,4,26,0,1,2,3,1,1,1,1
4,15,4,10,874,0,2,4,2,1,1,4,24,0,1,1,3,1,0,1,1
1,12,4,3,3590,1,3,2,1,3,2,3,29,0,1,1,2,2,0,1,1
2,11,3,2,1322,4,3,4,2,1,4,2,40,0,1,2,3,1,0,1,1
1,18,1,1,1940,1,2,3,1,3,4,0,36,2,0,1,4,1,1,1,1
4,36,4,1,3595,1,5,4,1,1,2,2,28,0,1,1,3,1,0,1,1
1,9,4,2,1422,1,2,3,1,1,2,0,27,0,0,1,4,1,1,1,2
4,30,3,1,6742,0,4,2,1,1,3,3,36,0,1,2,3,1,0,1,1
4,24,4,4,7814,1,4,3,1,1,3,2,38,0,1,1,4,1,1,1,1
4,24,4,4,9277,0,3,2,4,1,4,0,48,0,0,1,3,1,1,1,1
2,30,3,2,2181,0,5,4,1,1,4,4,36,0,1,2,3,1,0,1,1
4,18,3,1,1098,1,1,4,2,1,4,2,65,0,1,2,1,1,0,1,1
2,24,4,3,4057,1,4,3,4,1,3,2,43,0,1,1,3,1,1,1,2
1,12,4,6,795,1,2,4,2,1,4,3,53,0,1,1,3,1,0,1,2
2,24,3,5,2825,0,4,4,1,1,3,0,34,0,1,2,3,2,1,1,1
2,48,4,5,15672,1,3,2,1,1,2,2,23,0,1,1,3,1,1,1,2
4,36,3,2,6614,1,5,4,1,1,4,2,34,0,1,2,4,1,1,1,1
4,28,1,4,7824,0,2,3,1,2,4,4,40,2,2,2,3,2,1,1,1
1,27,3,5,2442,1,5,4,1,1,4,2,43,1,1,4,4,2,1,1,1
4,15,3,1,1829,1,5,4,1,1,4,2,46,0,1,2,3,1,1,1,1
1,12,3,2,2171,1,3,4,1,1,4,3,38,2,1,2,2,1,0,0,1
2,36,3,4,5800,1,3,3,1,1,4,2,34,0,1,2,3,1,1,1,1
4,18,3,1,1169,0,3,4,1,1,3,3,29,0,1,2,3,1,1,1,1
4,36,2,4,8947,0,4,3,1,1,2,2,31,1,1,1,4,2,1,1,1
1,21,4,1,2606,1,2,4,2,1,4,3,28,0,2,1,4,1,1,1,1
4,12,3,3,1592,4,4,3,2,1,2,3,35,0,1,1,3,1,0,0,1
4,15,4,3,2186,0,4,1,2,1,4,4,33,2,2,1,2,1,0,1,1
1,18,4,3,4153,1,3,2,1,3,3,2,42,0,1,1,3,1,0,1,2
1,16,3,2,2625,1,5,2,1,2,4,3,43,2,2,1,3,1,1,1,2
4,20,3,2,3485,0,2,2,4,1,4,4,44,0,1,2,3,1,1,1,1
4,36,3,4,10477,0,5,2,1,1,4,0,42,0,0,2,3,1,0,1,1
4,15,4,1,1386,0,3,4,3,1,2,4,40,0,2,1,3,1,1,1,1
4,24,4,1,1278,1,5,4,1,1,1,4,36,0,1,1,4,1,1,1,1
1,12,4,1,1107,1,3,2,1,1,2,4,20,0,2,1,4,2,1,1,1
1,21,4,2,3763,0,4,2,1,3,2,4,24,0,1,1,2,1,0,0,1
2,36,4,6,3711,0,3,2,3,1,2,2,27,0,1,1,3,1,0,1,1
4,15,2,4,3594,1,2,1,2,1,2,3,46,0,1,2,2,1,0,1,1
2,9,4,2,3195,0,3,1,2,1,2,4,33,0,1,1,2,1,0,1,1
4,36,2,1,4454,1,3,4,2,1,4,4,34,0,1,2,3,1,0,1,1
2,24,3,3,4736,1,2,2,2,1,4,2,25,2,1,1,2,1,0,1,2
2,30,4,1,2991,0,5,2,2,1,4,2,25,0,1,1,3,1,0,1,1
4,11,4,5,2142,4,5,1,4,1,2,4,28,0,1,1,3,1,1,1,1
1,24,1,5,3161,1,3,4,1,1,2,3,31,0,2,1,3,1,1,1,2
2,48,0,11,18424,1,3,1,2,1,2,3,32,2,1,1,4,1,1,0,2
4,10,4,4,2848,2,3,1,1,3,2,4,32,0,1,1,3,2,0,1,1
1,6,4,2,14896,1,5,1,1,1,4,0,68,2,1,1,4,1,1,1,2
1,24,4,3,2359,2,1,1,4,1,1,3,33,0,1,1,3,1,0,1,2
1,24,4,3,3345,1,5,4,1,1,2,3,39,0,2,1,4,1,1,1,2
4,18,3,3,1817,1,3,4,2,1,2,0,28,0,1,2,3,1,0,1,1
4,48,2,1,12749,3,4,4,1,1,1,2,37,0,1,1,4,1,1,1,1
1,9,4,1,1366,1,2,3,2,1,4,3,22,0,2,1,3,1,0,1,2
2,12,4,2,2002,1,4,3,1,1,4,3,30,0,2,1,3,2,1,1,1
1,24,1,3,6872,1,2,2,4,1,1,3,55,2,1,1,3,1,1,1,2
1,12,1,2,697,1,2,4,1,1,2,2,46,2,1,2,3,1,1,1,2
1,18,3,3,1049,1,2,4,2,1,4,3,21,0,2,1,3,1,0,1,1
1,48,4,4,10297,1,4,4,1,1,4,0,39,1,0,3,3,2,1,1,2
4,30,4,1,1867,0,5,4,1,1,4,2,58,0,1,1,3,1,1,1,1
1,12,2,2,1344,1,3,4,1,1,2,4,43,0,1,2,2,2,0,1,1
1,24,4,3,1747,1,2,4,1,3,1,3,24,0,1,1,2,1,0,0,1
2,9,4,1,1670,1,2,4,2,1,2,2,22,0,1,1,3,1,1,1,2
4,9,3,2,1224,1,3,3,1,1,1,4,30,0,1,2,3,1,0,1,1
4,12,3,1,522,3,5,4,1,1,4,3,42,0,1,2,3,2,1,1,1
1,12,4,1,1498,1,3,4,2,1,1,2,23,2,1,1,3,1,0,1,1
2,30,2,1,1919,2,2,4,1,1,3,0,30,1,1,2,4,1,0,1,2
3,9,4,1,745,1,3,3,2,1,2,4,28,0,1,1,2,1,0,1,2
2,6,4,1,2063,1,2,4,3,1,3,2,30,0,2,1,4,1,1,1,1
2,60,4,6,6288,1,3,4,1,1,4,0,42,0,0,1,3,1,0,1,2
4,24,3,4,6842,0,3,2,1,1,4,3,46,0,1,2,4,2,1,1,1
4,12,4,2,3527,0,2,2,1,1,3,3,45,0,1,1,4,2,1,1,1
4,10,4,2,1546,1,3,3,1,1,2,4,31,0,1,1,2,2,0,0,1
4,24,4,3,929,0,4,4,1,1,2,2,31,1,1,1,3,1,1,1,1
4,4,3,2,1455,1,4,2,1,1,1,4,42,0,1,3,2,2,0,1,1
1,15,4,3,1845,1,2,4,2,2,1,3,46,0,2,1,3,1,0,1,1
2,48,0,2,8358,3,2,1,2,1,1,2,30,0,1,2,3,1,0,1,1
1,24,1,3,3349,3,2,4,1,1,4,0,30,0,0,1,3,2,1,1,2
4,12,4,2,2859,0,1,4,1,1,4,0,38,0,1,1,4,1,1,1,1
4,18,4,3,1533,1,2,4,3,3,1,3,43,0,1,1,2,2,0,1,2
4,24,4,1,3621,2,5,2,1,1,4,2,31,0,1,2,3,1,0,1,2
2,18,3,5,3590,1,1,3,3,1,3,2,40,0,1,3,1,2,1,1,1
1,36,2,5,2145,1,4,2,1,1,1,2,24,0,1,2,3,1,1,1,2
2,24,4,4,4113,3,2,3,2,1,4,2,28,0,2,1,3,1,0,1,2
4,36,4,3,10974,1,1,4,2,1,2,2,26,0,1,2,4,1,1,1,2
1,12,4,2,1893,1,3,4,2,2,4,3,29,0,1,1,3,1,1,1,1
1,24,3,1,1231,4,5,4,2,1,4,3,57,0,2,2,4,1,1,1,1
3,30,3,1,3656,0,5,4,1,1,4,3,49,1,1,2,2,1,0,1,1
2,9,3,1,1154,1,5,2,1,1,4,4,37,0,1,3,2,1,0,1,1
1,28,4,2,4006,1,3,3,1,1,2,2,45,0,1,1,2,1,0,1,2
2,24,4,3,3069,2,5,4,1,1,4,0,30,0,0,1,3,1,0,1,1
4,6,3,1,1740,1,5,2,3,1,2,4,30,0,2,2,3,1,0,1,1
2,21,2,2,2353,1,3,1,4,1,4,3,47,0,1,2,3,1,0,1,1
4,15,4,2,3556,0,3,3,1,1,2,0,29,0,1,1,3,1,0,1,1
4,24,4,1,2397,3,5,3,1,1,2,2,35,2,1,2,3,1,1,1,2
2,6,4,7,454,1,2,3,3,1,1,3,22,0,1,1,2,1,0,1,1
2,30,4,1,1715,0,3,4,2,1,1,2,26,0,1,1,3,1,0,1,1
2,27,3,1,2520,3,3,4,1,1,2,3,23,0,1,2,2,1,0,1,2
4,15,4,1,3568,1,5,4,2,1,2,2,54,2,2,1,4,1,1,1,1
4,42,4,1,7166,0,4,2,3,1,4,3,29,0,2,1,3,1,1,1,1
1,11,3,2,3939,1,3,1,1,1,2,4,40,0,1,2,2,2,0,1,1
2,15,4,7,1514,2,3,4,1,2,2,4,22,0,1,1,3,1,0,1,1
4,24,4,2,7393,1,3,1,1,1,4,3,43,0,1,1,2,2,0,1,1
1,24,1,2,1193,1,1,1,2,3,4,0,29,0,2,2,1,1,0,1,2
1,60,4,5,7297,1,5,4,1,3,4,0,36,0,2,1,3,1,0,1,2
4,30,3,1,2831,1,3,4,2,1,2,2,33,0,1,1,3,1,1,1,1
3,24,4,1,1258,3,3,3,2,1,3,2,57,0,1,1,2,1,0,1,1
2,6,4,1,753,1,3,2,2,2,3,4,64,0,1,1,3,1,0,1,1
2,18,2,5,2427,0,5,4,1,1,2,3,42,0,1,2,3,1,0,1,1
4,24,2,2,2538,1,5,4,1,1,4,2,47,0,1,2,2,2,0,1,2
2,15,1,2,1264,2,3,2,3,1,2,3,25,0,2,1,3,1,0,1,2
2,30,3,3,8386,1,4,2,1,1,2,3,49,0,1,1,3,1,0,1,2
4,48,4,5,4844,1,1,3,1,1,2,2,33,2,2,1,4,1,1,1,2
3,21,4,2,2923,2,3,1,2,1,1,2,28,2,1,1,4,1,1,1,1
1,36,4,4,8229,1,3,2,1,1,2,3,26,0,1,1,3,2,0,1,2
4,24,3,3,2028,1,4,2,1,1,2,3,30,0,1,2,2,1,0,1,1
1,15,3,3,1433,1,3,4,2,1,3,3,25,0,2,2,3,1,0,1,1
3,42,0,5,6289,1,2,2,4,1,1,3,33,0,1,2,3,1,0,1,1
4,13,4,1,1409,2,1,2,2,1,4,4,64,0,1,1,3,1,0,1,1
1,24,4,4,6579,1,1,4,1,1,2,0,29,0,0,1,4,1,1,1,1
2,24,3,1,1743,1,5,4,1,1,2,3,48,0,1,2,2,1,0,1,1
4,12,3,6,3565,0,2,2,1,1,1,3,37,0,1,2,2,2,0,1,1
4,15,1,1,1569,2,5,4,1,1,4,2,34,2,1,1,2,2,0,1,1
1,18,4,1,1936,0,4,2,3,1,4,2,23,0,2,2,2,1,0,1,1
1,36,4,3,3959,1,1,4,1,1,3,3,30,0,1,1,4,1,1,1,1
4,12,4,2,2390,0,5,4,1,1,3,2,50,0,1,1,3,1,1,1,1
4,12,4,3,1736,1,4,3,2,1,4,4,31,0,1,1,2,1,0,1,1
1,30,4,4,3857,1,3,4,4,1,4,3,40,0,1,1,4,1,1,1,1
4,12,4,1,804,1,5,4,1,1,4,2,38,0,1,1,3,1,0,1,1
1,45,4,1,1845,1,3,4,1,1,4,0,23,0,0,1,3,1,1,1,2
2,45,3,4,4576,2,1,3,1,1,4,2,27,0,1,1,3,1,0,1,1
