,checking_acc_numeric,time_credit_acc,credit_history_numeric,purpose_numeric,amount,savings_acc_numeric,p_employment_time_numeric,installment_rate,marita_status_sex_numeric,other_debtors_numeric,p_residence_time,property_numeric,age,other_installment_numeric,housing_numeric,number_of_credits,job_numeric,dependants,has_phone_numeric,foreign_worker_numeric,is_good,nearest_neighbors,random_forest
507,2,15,1,2,6850,2,1,1,1,1,2,3,34,0,1,1,4,2,1,1,2,0.7,0.29
818,1,36,4,11,15857,1,1,2,4,3,3,2,43,0,1,1,4,1,0,1,1,0.4,0.74
452,4,12,0,3,2759,1,5,2,1,1,4,3,34,0,1,2,3,1,0,1,1,1.0,0.7475
368,1,36,4,3,3446,1,5,4,1,1,2,2,42,0,1,1,3,2,0,1,2,0.5,0.175
242,1,48,0,4,4605,1,5,3,1,1,4,0,24,0,0,2,3,2,0,1,2,0.4,0.0925
929,1,12,2,2,1344,1,3,4,1,1,2,4,43,0,1,2,2,2,0,1,1,0.8,0.87
262,1,18,3,2,5302,1,5,2,1,1,4,0,36,0,0,3,4,1,1,1,1,0.3,0.9
810,2,8,4,5,907,1,2,3,3,1,2,4,26,0,1,1,3,1,1,1,1,0.7,0.7975
318,4,12,3,6,701,1,3,4,1,1,2,2,32,0,1,2,3,1,0,1,1,1.0,0.885
49,4,12,4,1,2073,2,3,4,2,3,2,4,28,0,1,1,3,1,0,1,1,0.9,0.935
446,1,36,4,2,1842,1,2,4,2,1,4,2,34,0,1,1,3,1,1,1,2,0.6,0.1825
142,1,27,4,1,3416,1,3,3,1,1,2,2,27,0,1,1,4,1,0,1,1,0.6,0.855
968,4,42,4,1,7166,0,4,2,3,1,4,3,29,0,2,1,3,1,1,1,1,1.0,0.8475
345,4,15,3,1,1459,1,3,4,2,1,2,2,43,0,1,1,2,1,0,1,1,0.9,0.865
971,4,24,4,2,7393,1,3,1,1,1,4,3,43,0,1,1,2,2,0,1,1,0.9,0.89
133,4,18,4,3,1984,1,3,4,1,1,4,0,47,2,0,2,3,1,0,1,1,0.7,0.775
104,4,12,4,4,2445,0,2,2,3,1,4,2,26,0,2,1,3,1,1,1,1,0.8,0.8575
6,4,24,4,3,2835,3,5,3,1,1,4,3,53,0,1,1,3,1,0,1,1,1.0,0.9525
600,2,7,4,1,2329,1,2,1,2,2,1,4,45,0,1,1,3,1,0,1,1,0.8,0.9325
496,2,36,4,3,9034,2,2,4,1,3,1,0,29,0,2,1,4,1,1,1,2,0.4,0.2125
702,3,24,4,1,1377,2,5,4,2,1,2,0,47,0,0,1,3,1,1,1,1,0.8,0.97
472,1,9,4,2,654,1,3,4,1,1,3,2,28,0,1,1,2,1,0,1,2,0.4,0.24
598,4,18,3,2,2775,1,4,2,1,1,2,3,31,2,1,2,3,1,0,1,2,0.8,0.32
502,3,9,4,1,1126,2,5,2,4,1,4,4,49,0,1,1,3,1,0,1,1,0.7,0.96
433,4,24,3,7,2058,1,3,4,4,1,2,4,33,0,1,2,3,1,1,1,1,0.7,0.9925
119,2,12,3,2,2366,3,4,3,4,1,3,2,36,0,1,1,4,1,1,1,1,0.4,0.9875
108,1,24,4,3,7721,0,2,1,2,1,2,3,30,0,1,1,3,1,1,0,1,0.7,0.8125
647,4,12,4,2,1386,3,3,2,2,1,2,3,26,0,1,1,3,1,0,1,2,0.9,0.36
589,1,12,3,3,2246,1,5,3,1,1,3,3,60,0,1,2,3,1,0,1,2,0.7,0.28
374,2,60,1,11,14782,2,5,3,2,1,4,0,60,2,0,2,4,1,1,1,2,0.5,0.1425
910,4,36,2,1,4454,1,3,4,2,1,4,4,34,0,1,2,3,1,0,1,1,1.0,0.7925
718,3,24,3,1,3148,0,3,3,1,1,2,2,31,0,1,2,3,1,1,1,1,0.8,0.9625
744,1,39,3,3,14179,0,4,4,1,1,4,3,30,0,1,2,4,1,1,1,1,0.5,0.7725
494,1,12,3,2,2122,1,3,3,1,1,2,4,39,0,2,2,2,2,0,0,1,0.7,0.965
404,2,18,2,2,2899,0,5,4,1,1,4,2,43,0,1,1,3,2,0,1,1,0.8,0.8575
274,1,30,4,7,11998,1,2,1,4,1,1,0,34,0,1,1,2,1,1,1,2,0.5,0.185
78,4,54,0,4,9436,0,3,2,1,1,2,3,39,0,1,1,2,2,0,1,1,1.0,0.8025
721,2,6,1,6,433,4,2,4,2,1,2,3,24,2,2,1,3,2,0,1,2,0.7,0.255
644,1,18,3,1,1880,1,4,4,3,1,1,3,32,0,1,2,4,1,1,1,1,0.5,0.9775
614,4,18,2,3,1808,1,4,4,2,1,1,4,22,0,1,1,3,1,0,1,2,0.9,0.205
872,1,24,3,5,1382,2,4,4,1,1,1,4,26,0,1,2,3,1,1,1,1,0.7,0.95
691,2,15,4,7,2631,2,3,3,2,1,2,4,25,0,1,1,2,1,0,1,1,0.6,0.9075
90,4,12,3,1,618,1,5,4,1,1,4,4,56,0,1,1,3,1,0,1,1,1.0,0.9575
101,2,36,4,1,2323,1,4,4,1,1,4,2,24,0,2,1,3,1,0,1,1,0.7,0.76
94,2,12,4,2,1318,4,5,4,1,1,4,4,54,0,1,1,3,1,1,1,1,0.8,0.995
577,4,24,3,6,1927,0,3,3,2,1,2,2,33,0,1,2,3,1,1,1,1,0.9,0.935
537,2,18,3,3,3612,1,5,3,2,1,4,3,37,0,1,1,3,1,1,1,1,0.4,0.9275
41,2,12,4,1,1158,3,3,3,4,1,1,2,26,0,1,1,3,1,1,1,1,0.5,0.925
453,4,24,4,4,2670,1,5,4,1,1,4,2,35,0,1,1,4,1,1,1,1,1.0,0.855
995,4,12,4,3,1736,1,4,3,2,1,4,4,31,0,1,1,2,1,0,1,1,0.8,0.935
713,1,9,3,1,1138,1,3,4,1,1,4,4,25,0,1,2,2,1,0,1,1,0.9,0.8975
34,3,12,4,3,1474,1,2,4,2,1,1,3,33,2,1,1,4,1,1,1,1,0.7,0.9125
639,1,42,2,1,4370,1,4,3,1,1,2,3,26,2,1,2,3,2,1,1,2,0.4,0.2275
35,2,45,3,1,4746,1,2,4,1,1,2,3,25,0,1,2,2,1,0,1,2,0.8,0.1425
148,1,36,3,3,5371,1,3,3,1,2,2,3,28,0,1,2,3,1,0,1,1,0.8,0.8625
455,4,24,4,4,2679,1,2,4,2,1,1,0,29,0,1,1,4,1,1,1,1,1.0,0.9275
885,1,12,4,6,795,1,2,4,2,1,4,3,53,0,1,1,3,1,0,1,2,0.4,0.2275
677,2,72,4,1,5595,2,3,2,3,1,2,2,24,0,1,1,3,1,0,1,2,0.6,0.2125
486,4,12,4,1,3077,1,3,2,1,1,4,2,52,0,1,1,3,1,1,1,1,1.0,0.8825
685,4,60,4,2,6527,0,3,4,1,1,4,0,34,0,0,1,3,2,1,1,1,0.9,0.855
307,1,12,4,1,727,2,2,4,3,1,3,0,33,0,1,1,2,1,1,1,2,0.4,0.26
238,4,12,3,1,1291,1,3,4,2,1,2,3,35,0,1,2,3,1,0,1,1,0.9,0.96
395,2,39,2,6,11760,2,4,2,1,1,3,0,32,0,2,1,3,1,1,1,1,0.4,0.8575
734,4,4,3,2,3380,1,4,1,2,1,1,4,37,0,1,1,3,2,0,1,1,0.8,0.935
822,1,36,4,3,2712,1,5,2,1,1,2,3,41,2,1,1,3,2,0,1,2,0.5,0.2625
812,1,36,3,4,9629,1,4,4,1,1,4,2,24,0,1,2,3,1,1,1,2,0.7,0.18
464,4,18,4,5,1950,1,4,4,1,1,1,2,34,1,1,2,3,1,1,1,1,0.7,0.9275
816,4,6,4,10,1338,3,3,1,4,1,4,4,62,0,1,1,3,1,0,1,1,0.9,0.9375
528,1,36,4,1,2302,1,3,4,4,1,4,2,31,0,2,1,3,1,0,1,2,0.5,0.2925
17,1,30,0,5,8072,0,2,2,1,1,3,2,25,2,1,3,3,1,0,1,1,0.8,0.85
709,2,9,4,1,2118,1,3,2,1,1,2,4,37,0,1,1,2,2,0,1,1,1.0,0.88
370,4,36,4,2,3079,0,3,4,1,1,4,4,36,0,1,1,3,1,0,1,1,1.0,0.8325
241,4,6,4,1,1595,1,4,3,1,1,2,3,51,0,1,1,3,2,0,1,1,1.0,0.9175
964,2,6,4,7,454,1,2,3,3,1,1,3,22,0,1,1,2,1,0,1,1,0.7,0.8625
457,1,12,4,4,3386,1,5,3,1,1,4,0,35,0,0,1,3,1,1,1,2,0.4,0.32
65,4,27,4,7,5190,0,5,4,1,1,4,3,48,0,1,4,3,2,1,1,1,0.9,0.925
191,2,48,0,5,3844,2,4,4,1,1,4,0,34,0,0,1,2,2,0,1,2,0.3,0.1725
838,1,24,3,4,2957,1,5,4,1,1,4,3,63,0,1,2,3,1,1,1,1,0.5,0.925
331,4,18,3,6,1864,2,3,4,2,1,2,4,30,0,1,2,3,1,0,1,2,0.9,0.33
638,4,12,4,1,1493,1,2,4,2,1,3,2,34,0,1,1,3,2,0,1,1,0.9,0.8375
255,2,60,2,1,7418,0,3,1,1,1,1,4,27,0,1,1,2,1,0,1,1,1.0,0.8975
742,4,21,4,1,3160,0,5,4,1,1,3,3,41,0,1,1,3,1,1,1,1,1.0,0.88
756,3,6,3,2,1299,1,3,1,1,1,1,4,74,0,1,3,1,2,0,0,1,0.8,0.925
757,3,15,3,1,1271,0,3,3,1,1,4,0,39,0,0,2,3,1,1,1,2,0.8,0.33
951,1,36,2,5,2145,1,4,2,1,1,1,2,24,0,1,2,3,1,1,1,2,0.5,0.2875
992,1,18,4,1,1936,0,4,2,3,1,4,2,23,0,2,2,2,1,0,1,1,0.5,0.9125
463,2,12,4,9,754,0,5,4,1,1,4,3,38,0,1,2,3,1,0,1,1,0.6,0.955
843,4,24,1,5,1559,1,4,4,1,1,4,2,50,2,1,1,3,1,1,1,1,0.5,0.7275
573,1,15,4,5,806,1,3,4,2,1,4,3,22,0,1,1,2,1,0,1,1,0.6,0.86
527,4,4,3,1,1503,1,4,2,1,1,1,4,42,0,1,2,2,2,0,1,1,1.0,0.95
654,4,24,3,4,2346,1,4,4,1,1,3,2,35,0,1,2,3,1,1,1,1,1.0,0.97
189,2,18,0,3,3244,1,3,1,2,1,4,2,33,2,1,2,3,1,1,1,1,0.3,0.8525
517,4,36,3,3,7127,1,2,2,2,1,4,3,23,0,2,2,3,1,1,1,2,0.9,0.205
956,3,30,3,1,3656,0,5,4,1,1,4,3,49,1,1,2,2,1,0,1,1,0.8,0.975
414,1,24,4,2,1381,0,3,4,2,1,2,3,35,0,1,1,3,1,0,1,2,0.4,0.235
671,4,36,4,5,5742,2,4,2,1,1,2,2,31,0,1,2,3,1,1,1,1,0.9,0.8975
559,2,18,3,3,1928,1,2,2,1,1,2,4,31,0,1,2,2,1,0,1,2,0.6,0.295
593,2,24,4,2,2718,1,3,3,2,1,4,3,20,0,2,1,2,1,1,1,2,0.4,0.16
258,4,15,4,4,3812,2,2,1,2,1,4,2,23,0,1,1,3,1,1,1,1,1.0,0.9175
154,2,24,2,5,6967,2,4,4,1,1,4,2,36,0,2,1,4,1,1,1,1,0.6,0.845
335,1,6,3,3,3384,1,3,1,4,1,4,4,44,0,2,1,4,1,1,1,2,0.5,0.295
13,1,24,3,2,1199,1,5,4,1,1,4,2,60,0,1,2,2,1,0,1,2,0.4,0.355
911,2,24,3,3,4736,1,2,2,2,1,4,2,25,2,1,1,2,1,0,1,2,0.4,0.1925
156,1,9,3,7,1288,2,5,3,1,2,4,4,48,0,1,2,3,2,0,0,1,0.5,0.9525
428,4,9,4,3,1313,1,5,1,1,1,4,2,20,0,1,1,3,1,0,1,1,1.0,0.8575
824,4,18,3,3,3780,1,2,3,4,1,2,2,35,0,1,2,4,1,1,1,1,0.8,0.9225
267,4,24,4,1,1533,1,2,4,2,1,3,2,38,1,1,1,3,1,1,1,1,0.9,0.86
538,1,48,4,2,7763,1,5,4,1,1,4,0,42,2,0,1,4,1,0,1,2,0.3,0.0875
236,2,6,4,2,14555,0,1,1,1,1,2,3,23,0,1,1,1,1,1,1,2,0.5,0.1825
944,1,15,4,3,1845,1,2,4,2,2,1,3,46,0,2,1,3,1,0,1,1,0.9,0.8525
479,1,15,3,3,1478,1,5,4,1,1,4,2,44,0,1,2,3,2,1,1,1,0.5,0.96
785,2,18,4,5,1941,4,3,4,1,1,2,3,35,0,1,1,2,1,1,1,1,0.7,0.9475
950,2,18,3,5,3590,1,1,3,3,1,3,2,40,0,1,3,1,2,1,1,1,0.8,0.9075
59,1,36,3,3,6229,1,2,4,2,3,4,0,23,0,2,2,2,1,1,1,2,0.4,0.145
868,4,36,4,5,7409,0,5,3,1,1,2,3,37,0,1,2,3,1,0,1,1,0.9,0.9025
175,4,30,1,4,7485,0,1,4,2,1,1,4,53,2,1,1,4,1,1,1,2,0.8,0.1825
711,1,6,1,6,1198,1,5,4,2,1,4,0,35,0,0,1,3,1,0,1,2,0.3,0.12
449,2,15,2,7,1512,4,3,3,3,1,3,3,61,1,1,2,3,1,0,1,2,0.6,0.2325
120,1,21,4,1,1835,1,3,3,2,1,2,4,25,0,1,2,3,1,1,1,2,0.6,0.2725
794,4,24,4,3,3062,3,5,4,1,1,3,0,32,0,2,1,3,1,1,1,1,0.9,0.98
180,4,36,2,5,9572,1,2,1,4,1,1,2,28,0,1,2,3,1,0,1,2,0.7,0.215
311,4,24,4,3,5511,2,3,4,1,1,1,2,25,1,1,1,3,1,0,1,1,1.0,0.8025
3,1,42,4,3,7882,1,4,2,1,2,4,3,45,0,0,1,3,2,0,1,1,0.7,0.7525
194,2,45,4,1,3031,2,3,4,1,2,4,3,21,0,2,1,3,1,0,1,2,0.7,0.1875
437,4,24,3,2,1287,4,5,4,2,1,4,4,37,0,1,2,3,1,1,1,1,0.8,0.97
683,4,24,3,1,5103,1,2,3,3,1,3,0,47,0,0,3,3,1,1,1,1,0.9,0.8725
799,2,9,4,2,1549,0,2,4,1,1,2,4,35,0,1,1,1,1,0,1,1,0.8,0.865
746,1,15,4,2,2511,1,1,1,2,1,4,2,23,0,2,1,3,1,0,1,1,0.6,0.8625
625,4,15,4,1,1979,0,5,4,1,1,2,2,35,0,1,1,3,1,0,1,1,1.0,0.905
692,2,24,4,1,2896,2,2,2,1,1,1,2,29,0,1,1,3,1,0,1,1,0.8,0.8775
551,4,6,1,1,1750,3,5,2,1,1,4,3,45,2,1,1,2,2,0,1,1,0.7,0.85
248,3,24,4,3,1925,1,3,2,1,1,2,4,26,0,1,1,3,1,0,1,1,0.8,0.895
659,2,18,3,3,6361,1,5,2,1,1,1,0,41,0,1,1,3,1,1,1,1,0.5,0.915
2,4,12,3,6,2096,1,4,2,1,1,3,4,49,0,1,1,2,2,0,1,1,0.9,0.945
997,4,12,4,1,804,1,5,4,1,1,4,2,38,0,1,1,3,1,0,1,1,1.0,0.875
860,4,24,3,4,5804,4,3,4,1,1,2,4,27,0,1,2,3,1,0,1,1,1.0,0.8025
776,4,36,3,2,3535,1,4,4,1,1,4,2,37,0,1,2,3,1,1,1,1,1.0,0.97
857,4,15,3,3,3343,1,3,4,1,1,2,0,28,0,0,1,3,1,1,1,1,0.9,0.78
358,4,12,4,1,776,1,3,4,3,1,2,4,28,0,1,1,3,1,0,1,1,1.0,0.725
769,4,12,3,1,1655,1,5,2,1,1,4,4,63,0,1,2,2,1,1,1,1,1.0,0.925
73,2,42,3,5,5954,1,4,2,2,1,1,4,41,2,1,2,2,1,0,1,1,0.7,0.9225
117,1,10,3,3,2132,0,2,2,2,3,3,4,27,0,2,2,3,1,0,0,1,0.7,0.9275
938,2,60,4,6,6288,1,3,4,1,1,4,0,42,0,0,1,3,1,0,1,2,0.4,0.145
535,3,21,3,6,2319,1,2,2,4,1,1,2,33,0,2,1,3,1,0,1,2,0.6,0.275
111,3,15,4,6,392,1,2,4,2,1,4,3,23,0,2,1,3,1,1,1,1,0.8,0.8325
509,4,39,4,4,8588,2,5,4,1,1,2,2,45,0,1,1,4,1,1,1,1,1.0,0.78
512,3,15,4,5,2687,1,4,2,1,1,4,3,26,0,2,1,3,1,1,1,1,0.9,0.955
916,4,10,4,4,2848,2,3,1,1,3,2,4,32,0,1,1,3,2,0,1,1,1.0,0.965
555,2,12,4,1,1331,1,2,2,1,1,1,2,22,1,1,1,3,1,0,1,2,0.7,0.265
552,1,48,4,1,6999,1,4,1,3,2,1,4,34,0,1,2,3,1,1,1,2,0.5,0.28
354,4,10,4,6,727,3,5,4,1,1,4,0,46,0,0,1,3,1,1,1,1,0.6,0.965
970,2,15,4,7,1514,2,3,4,1,2,2,4,22,0,1,1,3,1,0,1,1,0.5,0.83
8,4,12,4,1,3059,4,4,2,4,1,4,4,61,0,1,1,2,1,0,1,1,0.9,0.9375
581,2,12,3,2,3124,1,2,1,1,1,3,4,49,2,1,2,2,2,0,1,1,0.6,0.9375
56,2,12,4,1,6468,0,1,2,1,1,1,0,52,0,1,1,4,1,1,1,2,0.1,0.235
576,2,12,4,1,2930,1,4,2,2,1,1,4,27,0,1,1,3,1,0,1,1,0.5,0.935
705,4,15,4,2,5324,3,5,1,2,1,4,0,35,0,0,1,3,1,0,1,1,0.9,0.9475
651,2,12,4,3,1922,1,3,4,1,1,2,3,37,0,1,1,2,1,0,1,2,0.4,0.2925
84,1,10,4,1,2315,1,5,3,1,1,4,4,52,0,1,1,2,1,0,1,1,0.9,0.9375
228,4,9,4,1,1478,1,4,4,1,1,2,2,22,0,1,1,3,1,0,1,2,1.0,0.23
159,4,6,3,1,1898,0,3,1,1,1,2,4,34,0,1,2,2,2,0,1,1,1.0,0.9275
205,1,30,3,4,10623,1,5,3,1,1,4,0,38,0,0,3,4,2,1,1,1,0.5,0.845
125,1,12,3,2,2121,1,3,4,1,1,2,3,30,0,1,2,3,1,0,1,1,0.4,0.895
688,4,9,4,1,2753,2,5,3,1,3,4,2,35,0,1,1,3,1,1,1,1,1.0,0.9275
887,2,48,4,5,15672,1,3,2,1,1,2,2,23,0,1,1,3,1,1,1,2,0.7,0.0875
473,4,6,4,9,1238,0,1,4,1,1,4,3,36,0,1,1,4,2,1,1,1,1.0,0.885
244,4,12,1,9,3447,3,3,4,2,1,3,4,35,0,1,1,2,2,0,1,1,1.0,0.81
597,2,24,0,5,4241,1,3,1,1,1,4,4,36,0,1,3,2,1,1,1,2,0.8,0.175
797,4,12,3,3,1258,1,2,2,2,1,4,3,22,0,2,2,2,1,0,1,1,0.8,0.8525
195,2,9,3,6,1501,1,5,2,2,1,3,2,34,0,1,2,4,1,1,1,2,0.6,0.36
202,4,27,2,5,5117,1,4,3,1,1,4,2,26,0,1,2,3,1,0,1,1,0.9,0.8325
81,4,15,4,1,1213,3,5,4,1,1,3,3,47,1,1,1,3,1,1,1,1,1.0,0.9925
484,4,12,3,2,1163,3,3,4,1,1,4,4,44,0,1,1,3,1,1,1,1,1.0,0.9225
443,4,12,4,6,719,1,5,4,1,1,4,2,41,2,1,1,2,2,0,1,2,0.6,0.165
578,2,36,3,2,2820,1,2,4,4,1,4,2,27,0,1,2,3,1,0,1,2,0.4,0.23
201,1,12,4,2,1168,1,3,4,3,1,3,4,27,0,1,1,2,1,0,1,1,0.9,0.8025
186,2,9,1,4,5129,1,5,2,2,1,4,0,74,2,0,1,4,2,1,1,2,0.6,0.13
516,1,6,3,2,1361,1,2,2,1,1,4,4,40,0,1,1,2,2,0,0,1,0.8,0.9225
821,3,12,4,1,3016,1,3,3,3,1,1,2,24,0,1,1,3,1,0,1,1,0.6,0.9
967,4,15,4,1,3568,1,5,4,2,1,2,2,54,2,2,1,4,1,1,1,1,0.9,0.8575
216,1,18,0,5,3104,1,4,3,1,1,1,3,31,2,1,1,3,1,1,1,1,0.8,0.84
50,2,24,2,3,2333,0,2,4,1,1,2,3,29,2,1,1,2,1,0,1,1,0.5,0.835
783,2,12,4,2,836,2,2,4,2,1,2,3,23,2,1,1,2,1,0,1,2,0.5,0.2075
672,4,60,4,2,10366,1,5,2,1,1,4,3,42,0,1,1,4,1,1,1,1,1.0,0.7875
531,2,15,4,2,2631,2,3,2,2,1,4,2,28,0,2,2,3,1,1,1,2,0.6,0.315
314,3,4,4,2,1494,0,2,1,1,1,2,4,29,0,1,1,2,2,0,0,1,0.9,0.92
200,4,9,3,6,936,3,5,4,1,1,2,2,52,0,1,2,3,1,1,1,1,1.0,0.9525
223,4,24,2,5,2978,0,3,4,1,1,4,4,32,0,1,2,3,2,1,1,1,0.8,0.9075
587,1,12,4,3,1289,1,3,4,1,2,1,3,21,0,1,1,2,1,0,1,1,0.6,0.88
983,1,36,4,4,8229,1,3,2,1,1,2,3,26,0,1,1,3,2,0,1,2,0.5,0.2275
699,3,15,4,6,1905,1,5,4,1,1,4,2,40,0,2,1,4,1,1,1,1,0.9,0.91
826,1,18,3,2,3966,1,5,1,2,1,4,4,33,2,2,3,3,1,1,1,2,0.3,0.3175
233,2,18,4,1,866,1,3,4,3,2,2,4,25,0,1,1,2,1,0,1,1,0.7,0.8625
584,4,12,4,2,2133,0,5,4,2,1,4,0,52,0,0,1,4,1,1,1,1,0.9,0.935
974,4,30,3,1,2831,1,3,4,2,1,2,2,33,0,1,1,3,1,1,1,1,0.9,0.935
430,4,5,4,5,3448,1,4,1,1,1,4,4,74,0,1,1,2,1,0,1,1,1.0,0.93
874,1,12,4,3,3590,1,3,2,1,3,2,3,29,0,1,1,2,2,0,1,1,0.8,0.895
550,4,12,3,7,996,0,4,4,2,1,4,4,23,0,1,2,3,1,0,1,1,0.9,0.9275
608,4,18,4,1,2051,1,2,4,1,1,1,4,33,0,1,1,3,1,0,1,1,1.0,0.885
207,2,12,3,10,1424,1,4,4,1,1,3,3,26,0,1,1,3,1,0,1,1,0.7,0.9175
382,4,22,4,2,1283,0,4,4,2,1,4,3,25,0,2,1,3,1,0,1,1,0.6,0.8325
994,4,12,4,2,2390,0,5,4,1,1,3,2,50,0,1,1,3,1,1,1,1,1.0,0.9625
982,3,21,4,2,2923,2,3,1,2,1,1,2,28,2,1,1,4,1,1,1,1,0.9,0.9325
47,1,6,4,4,1352,3,1,1,2,1,2,3,23,0,2,1,1,1,1,1,1,0.6,0.8675
521,1,18,4,1,3190,1,3,2,2,1,2,4,24,0,1,1,3,1,0,1,2,0.6,0.3225
636,4,24,4,1,1376,3,4,4,2,1,1,2,28,0,1,1,3,1,0,1,1,0.9,0.905
19,4,24,4,1,3430,3,5,3,1,1,2,2,31,0,1,1,3,2,1,1,1,1.0,0.945
366,4,18,3,4,3850,1,4,3,1,1,1,2,27,0,1,2,3,1,0,1,1,1.0,0.9125
340,2,24,3,6,5743,1,2,2,2,1,4,0,24,0,0,2,3,1,1,1,1,0.4,0.6975
952,2,24,4,4,4113,3,2,3,2,1,4,2,28,0,2,1,3,1,0,1,2,0.6,0.2275
675,4,30,3,1,4530,1,4,4,2,1,4,2,26,0,2,1,4,1,1,1,1,0.9,0.85
306,4,30,4,4,4811,0,4,2,2,1,4,3,24,1,2,1,2,1,0,1,1,0.9,0.9075
835,1,12,0,2,1082,1,3,4,1,1,4,2,48,2,1,2,3,1,0,1,2,0.3,0.1725
429,1,18,3,7,1190,1,1,2,2,1,4,0,55,0,0,3,1,2,0,1,2,0.2,0.3025
823,1,8,3,2,731,1,5,4,1,1,4,4,47,0,1,2,2,1,0,1,1,0.8,0.9625
304,4,48,3,2,10127,3,3,2,1,1,2,0,44,2,0,1,3,1,0,1,2,0.7,0.2125
355,2,24,4,2,1246,1,2,4,1,1,2,4,23,1,1,1,2,1,0,1,2,0.9,0.2675
177,1,6,3,1,338,3,5,4,1,1,4,2,52,0,1,2,3,1,0,1,1,0.7,0.985
945,2,48,0,2,8358,3,2,1,2,1,1,2,30,0,1,2,3,1,0,1,1,0.4,0.835
60,2,9,4,5,1391,1,3,2,3,1,1,4,27,2,1,1,3,1,1,1,1,0.7,0.8975
309,2,9,4,2,276,1,3,4,3,1,4,4,22,0,2,1,2,1,0,1,1,0.7,0.935
892,1,12,3,2,2171,1,3,4,1,1,4,3,38,2,1,2,2,1,0,0,1,0.4,0.9575
301,2,36,0,1,3804,1,3,4,2,1,1,2,42,0,1,1,3,1,1,1,2,0.6,0.1725
920,4,18,3,3,1817,1,3,4,2,1,2,0,28,0,1,2,3,1,0,1,1,1.0,0.945
594,1,24,1,11,1358,0,5,4,1,1,3,2,40,1,1,1,4,1,1,1,2,0.4,0.1925
761,1,18,3,3,2124,1,3,4,2,1,4,4,24,0,2,2,3,1,0,1,2,0.5,0.245
107,2,12,4,2,6078,1,4,2,1,1,2,2,32,0,1,1,3,1,0,1,1,0.8,0.9225
747,1,12,4,2,1274,1,2,3,2,1,1,4,37,0,1,1,2,1,0,1,2,0.8,0.285
988,1,24,4,4,6579,1,1,4,1,1,2,0,29,0,0,1,4,1,1,1,1,0.5,0.715
806,2,6,4,1,590,1,2,3,3,1,3,4,26,0,1,1,2,1,0,0,1,0.8,0.9025
99,2,20,2,4,7057,0,4,3,1,1,4,3,36,2,2,2,4,2,1,1,1,0.7,0.935
250,1,6,3,2,666,4,4,3,2,1,4,4,39,0,1,2,2,1,1,1,1,0.8,0.955
833,2,24,4,1,5084,0,5,2,2,1,4,2,42,0,1,1,3,1,1,1,1,0.6,0.94
474,2,18,3,1,1245,1,3,4,3,1,2,2,33,0,1,1,3,1,0,1,2,0.6,0.305
703,2,30,2,5,2503,2,5,4,1,1,2,3,41,1,1,2,3,1,0,1,1,0.7,0.9075
941,4,10,4,2,1546,1,3,3,1,1,2,4,31,0,1,1,2,2,0,0,1,1.0,0.9575
383,3,12,4,2,1330,1,2,4,1,1,1,4,26,0,1,1,3,1,0,1,1,1.0,0.95
680,4,6,4,6,1538,1,2,1,2,1,2,0,56,0,1,1,3,1,0,1,1,0.8,0.96
181,2,36,2,5,4455,1,3,2,4,1,2,4,30,1,1,2,4,1,1,1,2,0.8,0.29
12,2,12,4,1,1567,1,3,1,2,1,1,2,22,0,1,1,3,1,1,1,1,0.6,0.8625
613,1,24,1,4,3632,1,3,1,2,2,4,2,22,2,2,1,3,1,0,0,1,0.6,0.8925
85,4,12,3,5,1412,1,3,4,2,2,2,4,29,0,1,2,4,1,1,1,1,0.8,0.9575
320,2,30,3,2,4249,1,1,4,3,1,2,2,28,0,1,2,4,1,0,1,2,0.5,0.1075
649,1,12,4,6,684,1,3,4,1,1,4,2,40,0,2,1,2,2,0,1,2,0.3,0.1425
710,4,18,3,1,629,3,5,4,1,1,3,3,32,2,1,2,4,1,1,1,1,0.8,0.8875
385,4,18,3,1,2238,1,3,2,2,1,1,2,25,0,1,2,3,1,0,1,1,0.9,0.865
890,1,27,3,5,2442,1,5,4,1,1,4,2,43,1,1,4,4,2,1,1,1,0.6,0.9475
439,3,12,1,5,609,1,2,4,2,1,1,4,26,0,1,1,1,1,0,1,2,0.8,0.2575
135,4,12,3,1,1240,0,5,4,2,1,2,4,38,0,1,2,3,1,1,1,1,1.0,0.9475
567,4,24,3,1,2578,4,5,2,1,1,2,2,34,0,1,1,3,1,0,1,1,1.0,0.925
298,4,18,4,3,2515,1,3,3,1,1,4,4,43,0,1,1,3,1,1,1,1,0.9,0.885
160,4,24,3,1,2872,2,5,3,1,1,4,4,36,0,1,1,3,2,1,1,1,1.0,0.955
268,1,14,4,2,8978,1,5,1,4,1,4,3,45,0,1,1,4,1,1,0,2,0.4,0.225
658,2,30,0,5,4221,1,3,2,2,1,1,2,28,0,1,2,3,1,0,1,1,0.5,0.8225
996,1,30,4,4,3857,1,3,4,4,1,4,3,40,0,1,1,4,1,1,1,1,0.4,0.8125
641,2,15,4,7,1308,1,5,4,1,1,4,2,38,0,1,2,2,1,0,1,1,0.7,0.9575
906,1,21,4,2,3763,0,4,2,1,3,2,4,24,0,1,1,2,1,0,0,1,0.8,0.9025
805,1,36,4,2,9271,1,4,2,1,1,1,2,24,0,1,1,3,1,1,1,2,0.5,0.195
893,2,36,3,4,5800,1,3,3,1,1,4,2,34,0,1,2,3,1,1,1,1,0.8,0.9175
389,4,9,4,5,1449,1,4,3,2,1,2,2,27,0,1,2,3,1,0,1,1,0.9,0.9425
121,4,24,3,4,3868,1,5,4,2,1,2,2,41,0,2,2,4,1,1,1,1,0.8,0.9425
837,4,4,4,3,601,1,2,1,2,1,3,4,23,0,2,1,2,2,0,1,1,0.8,0.8775
187,2,16,3,2,1175,1,1,2,1,1,3,2,68,0,0,3,1,1,1,1,1,0.3,0.91
16,4,24,3,1,2424,0,5,4,1,1,4,3,53,0,1,2,3,1,0,1,1,1.0,0.985
773,4,24,3,1,2223,2,5,4,1,1,4,3,52,2,1,2,3,1,0,1,1,0.7,0.955
493,2,6,4,1,368,0,5,4,1,1,4,3,38,0,1,1,3,1,0,1,1,0.7,0.9225
341,1,21,4,3,3599,1,4,1,2,1,4,2,26,0,2,1,2,1,0,1,1,0.8,0.96
426,4,28,3,1,2743,1,5,4,1,1,2,2,29,0,1,2,3,1,0,1,1,1.0,0.915
467,4,48,2,1,7238,0,5,3,1,1,3,2,32,2,1,2,3,2,0,1,1,0.8,0.9425
106,4,18,1,2,6458,1,5,2,1,1,4,0,39,2,1,2,4,2,1,1,2,0.7,0.1375
408,4,24,4,1,3235,3,5,3,4,1,2,2,26,0,1,1,4,1,1,1,1,1.0,0.9325
23,2,12,3,4,1804,2,2,3,1,1,4,3,44,0,1,1,3,1,0,1,1,0.8,0.89
831,1,18,4,2,1216,1,2,4,2,1,3,2,23,0,2,1,3,1,1,1,2,0.6,0.22
69,4,36,4,1,2394,0,3,4,2,1,4,2,25,0,1,1,3,1,0,1,1,0.9,0.79
900,1,16,3,2,2625,1,5,2,1,2,4,3,43,2,2,1,3,1,1,1,2,0.2,0.325
676,4,24,3,3,5150,1,5,4,1,1,4,2,33,0,1,1,3,1,1,1,1,1.0,0.9125
801,2,18,3,1,1795,1,5,3,2,2,4,4,48,2,2,2,2,1,1,1,1,0.8,0.975
599,4,24,2,5,3863,1,3,1,1,1,2,0,32,0,0,1,3,1,0,1,1,0.9,0.9025
643,4,24,3,1,1851,1,4,4,3,2,2,2,33,0,1,2,3,1,1,1,1,0.9,0.9825
339,2,10,4,3,1521,1,3,4,4,1,2,2,31,0,1,1,2,1,0,1,1,0.5,0.9
701,1,48,3,4,6331,1,5,4,1,1,4,0,46,0,0,2,3,1,1,1,2,0.4,0.33
873,4,15,4,10,874,0,2,4,2,1,1,4,24,0,1,1,3,1,0,1,1,1.0,0.8975
74,1,36,4,6,1977,0,5,4,1,1,4,0,40,0,1,1,4,1,1,1,2,0.4,0.365
218,1,24,4,3,3021,1,3,2,4,1,2,4,24,0,2,1,2,1,0,1,1,0.6,0.75
525,2,26,4,4,7966,1,2,2,1,1,3,2,30,0,1,2,3,1,0,1,1,0.8,0.83
265,2,15,4,1,802,1,5,4,1,1,3,2,37,0,1,1,3,2,0,1,2,0.8,0.1
891,4,15,3,1,1829,1,5,4,1,1,4,2,46,0,1,2,3,1,1,1,1,1.0,0.97
110,2,6,2,5,1449,2,5,1,4,1,2,2,31,2,1,2,3,2,0,1,1,0.7,0.8825
435,2,12,4,1,1484,0,3,2,3,1,1,4,25,0,1,1,3,1,1,1,2,0.7,0.325
980,2,30,3,3,8386,1,4,2,1,1,2,3,49,0,1,1,3,1,0,1,2,0.4,0.2275
632,2,15,4,1,1444,0,2,4,1,1,1,3,23,0,1,1,3,1,0,1,1,0.7,0.9
185,4,15,3,1,1360,1,3,4,1,1,2,3,31,0,1,2,3,1,0,1,1,1.0,0.9675
286,1,48,4,4,4788,1,4,4,1,1,3,3,26,0,1,1,3,2,0,1,1,0.5,0.7875
582,4,9,4,3,1388,1,3,4,2,1,2,4,26,0,2,1,3,1,0,1,1,0.7,0.84
899,1,18,4,3,4153,1,3,2,1,3,3,2,42,0,1,1,3,1,0,1,2,0.8,0.225
459,4,18,4,1,4594,1,2,3,1,1,2,2,32,0,1,1,3,1,1,1,1,1.0,0.825
415,4,36,3,4,5842,1,5,2,1,1,2,3,35,0,1,2,3,2,1,1,1,1.0,0.9325
61,2,15,3,1,1537,0,5,4,1,2,4,4,50,0,1,2,3,1,1,1,1,0.8,0.9875
347,2,24,4,1,3758,3,1,1,2,1,4,0,23,0,2,1,1,1,0,1,1,0.6,0.95
349,2,9,3,6,1136,4,5,4,1,1,3,0,32,0,0,2,3,2,0,1,2,0.4,0.315
731,1,24,4,1,1987,1,3,2,1,1,4,4,21,0,2,1,2,2,0,1,2,0.9,0.19
716,4,30,3,1,3077,0,5,3,1,1,2,2,40,0,1,2,3,2,1,1,1,1.0,0.97
640,1,18,4,6,750,1,1,4,2,1,1,4,27,0,1,1,1,1,0,1,2,0.6,0.2225
804,2,12,4,2,7472,0,1,1,2,1,2,4,24,0,2,1,1,1,0,1,1,0.8,0.8425
737,1,18,4,2,4380,2,3,3,1,1,4,2,35,0,1,1,2,2,1,1,1,0.4,0.8775
329,2,6,4,1,1068,1,5,4,1,1,4,2,28,0,1,1,3,2,0,1,1,0.8,0.85
927,1,48,4,4,10297,1,4,4,1,1,4,0,39,1,0,3,3,2,1,1,2,0.4,0.26
134,4,60,4,1,10144,2,4,2,2,1,4,4,21,0,1,1,3,1,1,1,1,1.0,0.8225
787,4,48,3,4,2751,0,5,4,1,1,3,2,38,0,1,2,3,2,1,1,1,1.0,0.9725
764,4,24,3,2,2463,2,4,4,3,1,3,3,27,0,1,2,3,1,1,1,1,0.9,0.925
784,2,20,4,4,6468,0,1,1,4,1,4,4,60,0,1,1,4,1,1,1,1,0.7,0.83
57,4,36,3,1,9566,1,3,2,2,1,2,2,31,1,1,2,3,1,0,1,1,0.9,0.81
825,1,21,3,2,1602,1,5,4,3,1,3,2,30,0,1,2,3,1,1,1,1,0.5,0.9325
928,4,30,4,1,1867,0,5,4,1,1,4,2,58,0,1,1,3,1,1,1,1,1.0,0.945
859,4,9,4,2,3577,2,3,1,1,2,2,4,26,0,2,1,3,2,0,0,1,0.9,0.935
786,4,22,4,1,2675,3,5,3,1,1,4,2,40,0,1,1,3,1,0,1,1,1.0,0.975
291,2,36,4,4,9398,1,2,1,3,1,4,2,28,0,2,1,4,1,1,1,2,0.3,0.175
46,4,36,4,1,2299,3,5,4,1,1,4,2,39,0,1,1,3,1,0,1,1,1.0,0.9625
277,1,12,4,3,1262,0,5,2,4,1,4,3,49,0,1,1,2,1,1,1,1,0.7,0.9475
841,4,21,2,4,2993,1,3,3,1,1,2,4,28,1,1,2,2,1,0,1,1,0.8,0.915
926,1,18,3,3,1049,1,2,4,2,1,4,3,21,0,2,1,3,1,0,1,1,0.7,0.845
224,4,15,4,4,4657,1,3,3,1,1,2,2,30,0,1,1,3,1,1,1,1,1.0,0.8325
530,2,36,4,6,2273,1,4,3,1,1,1,2,32,0,1,2,3,2,0,1,1,0.5,0.9
280,4,15,3,4,3368,4,5,3,1,1,4,0,23,0,2,2,3,1,1,1,1,1.0,0.9075
0,1,6,3,1,1169,0,5,4,1,1,4,4,67,0,1,2,3,1,1,1,1,0.6,0.9525
817,4,6,3,1,1554,1,4,1,2,1,2,2,24,0,2,2,3,1,1,1,1,0.9,0.885
495,1,24,4,3,2996,0,3,2,3,1,4,2,20,0,1,1,3,1,0,1,2,0.3,0.2
66,4,12,4,1,2171,1,2,2,2,1,2,2,29,2,1,1,3,1,0,1,1,0.8,0.9125
403,4,14,2,2,802,1,3,4,1,1,2,2,27,0,1,2,2,1,0,1,1,0.9,0.9325
563,2,36,4,2,12389,0,3,1,1,1,4,0,37,0,0,1,3,1,1,1,2,0.3,0.1825
481,2,24,4,2,1201,1,2,4,1,1,1,3,26,0,1,1,3,1,0,1,1,0.8,0.9525
571,4,30,3,1,5954,1,4,3,1,3,2,2,38,0,1,1,3,1,0,1,1,1.0,0.9325
882,2,30,3,2,2181,0,5,4,1,1,4,4,36,0,1,2,3,1,0,1,1,0.8,0.9925
294,4,48,3,5,7629,0,5,4,4,1,2,2,46,2,1,2,4,2,0,1,1,0.6,0.8325
619,4,12,4,2,640,1,3,4,4,1,2,4,49,0,1,1,2,1,0,1,1,0.9,0.79
743,1,24,1,3,2483,3,3,4,1,1,4,4,22,1,1,1,3,1,1,1,1,0.6,0.905
245,4,24,4,5,1258,1,4,4,1,1,1,4,25,0,1,1,3,1,1,1,1,0.8,0.91
257,1,12,1,1,2149,1,3,4,4,1,1,0,29,0,0,1,3,1,0,1,2,0.4,0.1925
161,4,18,3,2,1055,1,2,4,2,1,1,3,30,0,1,2,3,1,0,1,1,0.9,0.8975
726,4,15,3,1,1316,3,3,2,3,1,2,3,47,0,1,2,2,1,0,1,1,1.0,0.94
605,1,24,1,3,2828,3,3,4,1,1,4,4,22,1,1,1,3,1,1,1,1,0.6,0.92
953,4,36,4,3,10974,1,1,4,2,1,2,2,26,0,1,2,4,1,1,1,2,0.8,0.1025
436,4,6,4,7,660,3,4,2,3,1,4,4,23,0,2,1,2,1,0,1,1,0.9,0.9075
855,4,24,4,2,1474,2,2,4,3,1,3,4,33,0,1,1,3,1,1,1,1,0.8,0.8425
768,2,12,3,3,3617,1,5,1,1,1,4,2,28,0,2,3,3,1,1,1,1,0.7,0.88
247,4,6,0,2,1204,2,3,4,1,1,1,0,35,2,2,1,3,1,0,0,1,0.7,0.8025
541,4,24,2,2,2032,1,5,4,1,1,4,0,60,0,0,2,3,1,1,1,1,0.9,0.6975
239,1,30,4,1,2522,1,5,1,1,2,3,3,39,0,1,1,3,2,0,1,1,0.7,0.8625
220,2,12,4,1,625,1,2,4,3,2,1,4,26,2,1,1,2,1,0,1,1,0.7,0.88
957,2,9,3,1,1154,1,5,2,1,1,4,4,37,0,1,3,2,1,0,1,1,1.0,0.925
92,4,12,3,1,797,0,5,4,2,1,3,3,33,2,1,1,2,2,0,1,2,0.8,0.1975
114,1,12,4,1,1680,3,5,3,3,1,1,4,35,0,1,1,3,1,0,1,1,0.4,0.9775
798,4,24,2,2,717,0,5,4,3,1,4,2,54,0,1,2,3,1,1,1,1,0.9,0.8875
979,2,15,1,2,1264,2,3,2,3,1,2,3,25,0,2,1,3,1,0,1,2,0.4,0.275
76,1,42,4,1,3965,1,2,4,1,1,3,2,34,0,1,1,3,1,0,1,2,0.7,0.15
981,4,48,4,5,4844,1,1,3,1,1,2,2,33,2,2,1,4,1,1,1,2,0.6,0.325
386,4,18,4,1,1126,0,2,4,2,1,2,4,21,0,2,1,3,1,1,1,1,0.9,0.84
132,4,15,4,3,2708,1,2,2,1,1,3,3,27,2,1,2,2,1,0,1,1,0.9,0.855
863,4,27,3,3,4526,4,2,4,1,1,2,4,32,1,1,2,2,2,1,1,1,0.9,0.8725
990,4,12,3,6,3565,0,2,2,1,1,1,3,37,0,1,2,2,2,0,1,1,1.0,0.92
58,3,18,4,2,1961,1,5,3,2,1,2,2,23,0,1,1,4,1,0,1,1,0.7,0.8875
289,1,24,2,1,1024,1,2,4,3,1,4,4,48,1,1,1,3,1,0,1,2,0.3,0.2325
246,4,12,3,1,717,1,5,4,1,1,4,4,52,0,1,3,3,1,0,1,1,1.0,0.9725
364,1,18,4,3,2473,1,1,4,1,1,1,2,25,0,1,1,1,1,0,1,2,0.4,0.2275
871,3,6,3,2,1343,1,5,1,1,1,4,4,46,0,1,2,3,2,0,0,1,1.0,0.9675
40,4,30,4,1,2333,3,5,4,1,1,2,2,30,2,1,1,4,1,0,1,1,0.8,0.945
89,1,12,0,7,1108,1,4,4,1,1,3,4,28,0,1,2,3,1,0,1,2,0.5,0.15
192,2,27,4,5,3915,1,3,4,1,1,2,2,36,0,1,1,3,2,1,1,2,0.7,0.245
422,2,12,3,2,958,1,4,2,1,1,3,4,47,0,1,2,2,2,0,1,1,0.9,0.9075
68,4,36,4,6,1819,1,3,4,1,1,4,0,37,1,0,1,3,1,1,1,2,0.6,0.2825
661,1,12,4,2,900,0,3,4,3,1,2,2,23,0,1,1,3,1,0,1,2,0.5,0.2225
372,4,10,3,3,2146,1,2,1,2,1,3,4,23,0,2,2,3,1,0,1,1,0.7,0.8975
139,3,12,4,1,1881,1,3,2,2,1,2,2,44,0,2,1,2,1,1,1,1,0.7,0.95
388,2,15,3,5,2326,3,3,2,1,1,4,2,27,2,1,1,3,1,0,1,1,0.8,0.905
832,1,45,0,5,11816,1,5,2,1,1,4,2,29,0,2,2,3,1,0,1,2,0.3,0.1525
118,1,33,3,3,4281,3,3,1,2,1,4,2,23,0,1,2,3,1,0,1,2,0.4,0.2525
579,4,24,4,9,937,1,2,4,3,1,3,2,27,0,1,2,2,1,0,1,1,1.0,0.835
922,1,9,4,1,1366,1,2,3,2,1,4,3,22,0,2,1,3,1,0,1,2,0.3,0.1125
791,4,24,4,4,6313,0,5,3,1,1,4,2,41,0,1,1,4,2,1,1,1,1.0,0.9425
350,4,9,4,10,1236,1,2,1,2,1,4,4,23,0,2,1,3,1,1,1,1,1.0,0.8725
811,2,6,4,1,484,1,4,3,3,2,3,4,28,2,1,1,2,1,0,1,1,0.7,0.8575
434,1,9,4,3,2136,1,3,3,1,1,2,4,25,0,1,1,3,1,0,1,1,0.7,0.9375
669,3,30,3,1,3017,1,5,4,1,1,4,3,47,0,1,1,3,1,0,1,1,0.9,0.955
931,2,9,4,1,1670,1,2,4,2,1,2,2,22,0,1,1,3,1,1,1,2,0.6,0.2675
948,4,18,4,3,1533,1,2,4,3,3,1,3,43,0,1,1,2,2,0,1,2,0.9,0.35
14,1,15,4,2,1403,1,3,2,2,1,4,2,28,0,2,1,3,1,0,1,1,0.6,0.885
375,1,48,1,5,7685,1,4,2,2,2,4,2,37,0,2,1,3,1,0,1,2,0.3,0.155
82,4,18,4,5,1568,2,3,3,2,1,4,3,24,0,2,1,2,1,0,1,1,1.0,0.835
491,2,27,0,5,8318,1,5,2,2,1,4,0,42,0,0,2,4,1,1,1,2,0.5,0.1225
697,4,12,3,2,926,1,1,1,2,1,2,3,38,0,1,1,1,1,0,1,1,0.9,0.9
879,4,30,3,1,6742,0,4,2,1,1,3,3,36,0,1,2,3,1,0,1,1,1.0,0.9475
936,3,9,4,1,745,1,3,3,2,1,2,4,28,0,1,1,2,1,0,1,2,0.8,0.27
88,1,18,4,2,2249,2,4,4,1,1,3,2,30,0,1,1,4,2,1,1,1,0.6,0.96
363,4,6,4,3,1766,1,3,1,3,1,2,3,21,0,2,1,3,1,0,1,1,0.9,0.87
273,2,48,4,1,3060,1,4,4,1,1,4,4,28,0,1,2,3,1,0,1,2,0.8,0.26
172,2,24,2,3,2064,1,1,3,2,1,2,3,34,0,1,1,4,1,1,1,2,0.5,0.2275
554,2,9,4,6,1199,1,4,4,2,1,4,3,67,0,1,2,4,1,1,1,1,0.6,0.93
103,2,9,3,3,1919,1,4,4,1,1,3,2,35,0,2,1,3,1,1,1,1,0.7,0.94
754,4,12,2,7,1555,4,5,4,1,1,4,0,55,0,0,2,3,2,0,1,2,0.7,0.2
673,4,6,3,2,2080,3,3,1,3,1,2,2,24,0,1,1,3,1,0,1,1,0.9,0.93
371,4,18,3,1,6070,1,5,3,1,1,4,2,33,0,1,2,3,1,1,1,1,1.0,0.9325
45,4,11,3,2,1393,1,2,4,2,1,4,2,35,0,1,2,4,1,0,1,1,0.7,0.93
560,1,24,4,4,2964,0,5,4,1,1,4,0,49,2,0,1,3,2,1,1,1,0.4,0.9725
748,4,21,4,4,5248,0,3,1,1,1,3,2,26,0,1,1,3,1,0,1,1,1.0,0.905
419,2,18,4,2,1042,0,3,4,2,1,2,3,33,0,1,1,3,1,0,1,2,0.5,0.1575
604,3,10,4,3,1275,1,2,4,2,1,2,3,23,0,1,1,3,1,0,1,1,0.6,0.7025
725,4,6,3,2,250,4,3,2,2,1,2,4,41,2,1,2,2,1,0,1,1,0.8,0.9775
11,1,48,4,5,4308,1,2,3,2,1,4,3,24,0,2,1,3,1,0,1,2,0.5,0.12
214,4,36,3,1,3342,0,5,4,1,1,2,2,51,0,1,1,3,1,1,1,1,1.0,0.95
344,3,10,4,2,3949,1,2,1,1,2,1,3,37,0,1,1,2,2,0,1,1,0.7,0.8675
700,4,12,4,3,1123,3,3,4,2,1,4,2,29,0,2,1,2,1,0,1,2,0.8,0.2975
720,3,9,0,1,1337,1,2,4,1,1,2,2,34,0,1,2,4,1,1,1,2,0.7,0.18
147,4,12,3,2,682,2,4,4,2,1,3,2,51,0,1,2,3,1,1,1,1,0.9,0.9725
299,2,21,3,3,2745,4,4,3,1,1,2,2,32,0,1,2,3,1,1,1,1,0.7,0.95
283,4,15,3,3,1520,0,5,4,1,1,4,3,63,0,1,1,3,1,0,1,1,1.0,0.975
745,1,13,3,5,1797,1,2,3,1,1,1,3,28,2,1,2,2,1,0,1,1,0.9,0.9275
412,4,12,3,5,2292,1,1,4,1,1,2,2,42,1,1,2,4,1,1,1,2,0.6,0.3425
629,4,9,4,6,3832,0,5,1,1,1,4,4,64,0,1,1,2,1,0,1,1,0.9,0.9375
795,4,9,4,3,2301,2,2,2,2,1,4,3,22,0,2,1,3,1,0,1,1,0.9,0.7525
741,2,10,1,1,1048,1,3,4,1,1,4,4,23,1,1,1,2,1,0,1,1,0.9,0.7825
886,2,24,3,5,2825,0,4,4,1,1,3,0,34,0,1,2,3,2,1,1,1,0.3,0.9375
735,2,36,1,10,3990,0,2,3,2,1,2,0,29,2,1,1,1,1,0,1,1,0.6,0.8175
173,2,8,4,1,1414,1,3,4,1,2,2,4,33,0,1,1,3,1,0,0,1,0.8,0.9175
432,1,6,3,3,1872,1,1,4,1,1,4,0,36,0,0,3,4,1,1,1,1,0.5,0.94
985,1,15,3,3,1433,1,3,4,2,1,3,3,25,0,2,2,3,1,0,1,1,0.7,0.9375
226,2,48,4,1,10961,4,4,1,1,3,2,0,27,2,1,2,3,1,1,1,2,0.3,0.185
305,4,6,4,3,1543,4,3,4,4,1,2,4,33,0,1,1,3,1,0,1,1,0.8,0.9675
31,1,24,4,3,4020,1,3,2,1,1,2,2,27,1,1,1,3,1,0,1,1,0.4,0.8
719,2,20,0,4,6148,2,5,3,3,1,4,2,31,2,1,2,3,1,1,1,1,0.7,0.7375
483,4,15,2,3,960,4,4,3,2,1,2,3,30,0,1,2,3,1,0,1,1,0.8,0.91
766,1,30,4,3,3108,1,2,2,4,1,4,3,31,0,1,1,2,1,0,1,2,0.7,0.2625
285,1,47,4,2,10722,1,2,1,2,1,1,4,35,0,1,1,2,1,1,1,1,0.8,0.675
918,1,24,4,3,2359,2,1,1,4,1,1,3,33,0,1,1,3,1,0,1,2,0.5,0.2875
482,1,30,4,3,3622,4,5,4,2,1,4,3,57,0,2,2,3,1,1,1,1,0.7,0.9275
913,4,11,4,5,2142,4,5,1,4,1,2,4,28,0,1,1,3,1,1,1,1,0.6,0.96
977,2,18,2,5,2427,0,5,4,1,1,2,3,42,0,1,2,3,1,0,1,1,0.7,0.9275
116,1,42,4,1,7174,0,4,4,2,1,3,2,30,0,1,1,4,1,1,1,2,0.6,0.255
618,2,30,4,3,3441,2,3,2,2,3,4,2,21,0,2,1,3,1,0,1,2,0.5,0.2075
652,1,24,4,2,2303,1,5,4,1,3,1,4,45,0,1,1,3,1,0,1,2,0.8,0.2775
704,2,27,4,5,2528,1,2,4,2,1,1,3,32,0,1,1,3,2,1,1,1,0.8,0.9075
95,2,54,0,5,15945,1,2,3,1,1,4,0,58,0,2,1,3,1,1,1,2,0.4,0.1575
261,1,24,4,1,1603,1,5,4,2,1,4,2,55,0,1,1,3,1,0,1,1,0.6,0.9775
635,4,12,4,6,1393,1,5,4,1,1,4,3,47,2,1,3,3,2,1,1,1,0.5,0.9575
592,4,21,4,5,1572,4,5,4,2,1,4,4,36,2,1,1,2,1,0,1,1,0.8,0.98
574,2,9,4,1,1082,1,5,4,1,1,4,2,27,0,1,2,2,1,0,1,1,0.5,0.9225
954,1,12,4,2,1893,1,3,4,2,2,4,3,29,0,1,1,3,1,1,1,1,0.4,0.7475
102,4,6,2,1,932,1,3,3,2,1,2,4,24,0,1,1,3,1,0,1,1,1.0,0.865
62,2,36,0,5,1953,1,5,4,1,1,4,0,61,0,0,1,4,1,1,1,2,0.5,0.1375
204,4,12,3,2,1495,1,5,4,1,1,1,4,38,0,1,2,2,2,0,1,1,1.0,0.935
663,2,6,2,3,1050,1,1,4,1,1,1,3,35,1,1,2,4,1,1,1,1,0.4,0.825
686,3,10,3,1,1347,0,4,4,1,1,2,3,27,0,1,2,3,1,1,1,1,0.9,0.95
184,2,18,3,2,884,1,5,4,1,1,4,2,36,2,1,1,3,2,1,1,2,0.3,0.2775
678,1,24,4,1,2384,1,5,4,1,1,4,4,64,2,2,1,2,1,0,1,1,0.5,0.93
733,4,24,4,4,2603,4,3,2,2,1,4,2,28,0,2,1,3,1,1,1,1,1.0,0.91
91,1,12,3,4,1409,1,5,4,1,1,3,4,54,0,1,1,3,1,0,1,1,0.8,0.96
942,4,24,4,3,929,0,4,4,1,1,2,2,31,1,1,1,3,1,1,1,1,1.0,0.8275
708,2,9,4,1,1206,1,5,4,2,1,4,4,25,0,1,1,3,1,0,1,1,0.5,0.9525
736,2,24,4,4,11560,1,3,1,2,1,4,2,23,0,2,2,4,1,0,1,2,0.7,0.0875
836,4,12,4,1,886,0,3,4,2,1,2,2,21,0,1,1,3,1,0,1,1,0.9,0.8025
730,2,24,2,1,6403,1,2,1,1,1,2,2,33,0,1,1,3,1,0,1,1,0.8,0.8775
411,4,33,3,4,7253,1,4,3,1,1,2,2,35,0,1,2,4,1,1,1,1,1.0,0.8875
346,2,13,3,1,882,1,2,4,1,2,4,4,23,0,1,2,3,1,0,1,1,0.8,0.895
480,2,12,3,1,3573,1,3,1,2,1,1,4,23,0,1,1,2,1,0,1,1,0.9,0.9125
814,1,48,4,2,3931,1,4,4,1,1,4,0,46,0,0,1,3,2,0,1,2,0.2,0.2125
29,1,60,2,5,6836,1,5,3,1,1,4,0,63,0,1,2,3,1,1,1,2,0.2,0.175
54,2,36,2,2,2225,1,5,4,1,1,4,0,57,2,0,2,3,1,1,1,2,0.2,0.2675
487,4,24,4,2,3757,1,5,4,2,3,4,0,62,0,0,1,3,1,1,1,1,0.8,0.945
39,2,9,4,1,458,1,3,4,1,1,3,4,24,0,1,1,3,1,0,1,1,0.8,0.87
157,1,12,1,9,339,1,5,4,3,1,1,2,45,2,1,1,2,1,0,1,1,0.6,0.745
894,4,18,3,1,1169,0,3,4,1,1,3,3,29,0,1,2,3,1,1,1,1,1.0,0.955
146,1,6,3,2,860,1,5,1,2,1,4,0,39,0,1,2,3,1,1,1,1,0.2,0.915
221,1,12,4,6,1200,0,3,4,2,1,4,3,23,2,2,1,3,1,1,1,1,0.6,0.8225
684,2,36,2,5,9857,2,4,1,1,1,3,3,31,0,1,2,2,2,1,1,1,0.7,0.8875
772,4,21,3,4,3275,1,5,1,1,1,4,2,36,0,1,1,4,1,1,1,1,1.0,0.8875
602,2,24,1,6,1837,1,4,4,2,1,4,0,34,2,0,1,2,1,0,1,2,0.3,0.13
800,4,24,3,6,1597,1,5,4,1,1,4,0,54,0,0,2,3,2,0,1,1,0.6,0.8975
394,4,9,3,3,2406,1,1,2,1,1,3,2,31,0,1,1,4,1,0,1,1,0.8,0.825
52,4,12,4,1,1262,1,3,3,1,1,2,2,25,0,1,1,3,1,0,1,1,1.0,0.8375
622,4,48,4,5,3914,0,3,4,4,1,2,4,38,2,1,1,3,1,0,1,2,0.8,0.2375
674,4,21,2,5,2580,3,2,4,1,1,2,4,41,2,1,1,2,2,0,1,2,0.9,0.2625
359,1,30,4,3,2406,1,4,4,2,1,4,4,23,0,2,1,3,1,0,1,2,0.5,0.285
504,1,24,4,2,1207,1,2,4,2,1,4,3,24,0,2,1,3,1,0,1,2,0.5,0.16
402,4,24,2,5,8648,1,2,2,1,1,2,2,27,2,1,2,3,1,1,1,2,0.5,0.15
770,1,24,4,4,2812,0,5,2,2,1,4,4,26,0,2,1,3,1,0,1,1,0.5,0.9675
421,2,12,4,4,2028,0,3,4,1,1,2,2,30,0,1,1,3,1,0,1,1,0.8,0.865
448,3,12,4,3,1424,0,5,3,2,1,4,4,55,0,1,1,4,1,1,1,1,0.5,0.9725
165,4,6,4,3,2978,3,3,1,1,1,2,2,32,0,1,1,3,1,1,1,1,1.0,0.98
284,2,24,3,2,3878,2,2,4,4,1,2,2,37,0,1,1,3,1,1,1,1,0.4,0.9075
80,4,24,4,1,5943,0,2,1,2,1,1,2,44,0,1,2,3,1,1,1,2,0.9,0.245
227,1,12,4,3,7865,1,5,4,1,1,4,0,53,0,0,1,4,1,1,1,2,0.5,0.15
447,2,7,4,1,2576,1,3,2,1,2,2,4,35,0,1,1,3,1,0,1,1,0.8,0.93
353,1,12,0,1,6199,1,3,4,1,1,2,3,28,0,2,2,3,1,1,1,2,0.6,0.16
310,2,48,4,11,5381,0,1,3,1,1,4,0,40,2,0,1,1,1,1,1,1,0.6,0.87
727,1,18,4,1,1882,1,3,4,2,1,4,2,25,2,2,2,3,1,0,1,2,0.3,0.1925
259,4,11,3,1,1154,2,1,4,2,1,4,4,57,0,1,3,2,1,0,1,1,0.8,0.8675
323,1,18,4,3,2659,4,3,4,1,1,2,2,28,0,1,1,3,1,0,1,1,0.5,0.955
9,2,30,3,2,5234,1,1,4,3,1,2,2,28,0,1,2,4,1,0,1,2,0.5,0.13
679,4,18,4,1,1453,1,2,3,2,1,1,4,26,0,1,1,3,1,0,1,1,1.0,0.9025
529,1,6,4,2,662,1,2,3,1,1,4,4,41,0,1,1,2,2,1,1,1,0.8,0.845
30,2,18,4,5,1913,4,2,3,3,1,3,4,36,2,1,1,3,1,1,1,1,0.7,0.9475
789,1,40,3,6,5998,1,3,4,1,1,3,0,27,2,1,1,3,1,1,1,2,0.3,0.2225
179,1,21,3,2,571,1,5,4,1,1,4,4,65,0,1,2,3,1,0,1,1,0.8,0.915
27,3,12,1,1,409,4,3,3,2,1,3,4,42,0,2,2,3,1,0,1,1,0.7,0.8475
33,4,12,3,5,1264,0,5,4,1,1,4,0,57,0,2,1,2,1,0,1,1,0.9,0.97
334,1,24,0,3,4110,1,5,3,1,1,4,0,23,2,2,2,3,2,0,1,2,0.3,0.1025
361,3,12,4,1,3399,0,5,2,1,1,3,2,37,0,1,1,4,1,0,1,1,0.7,0.93
293,3,42,3,4,4796,1,5,4,1,1,4,0,56,0,0,1,3,1,0,1,1,0.9,0.87
782,2,12,0,9,1410,1,3,2,1,1,2,4,31,0,1,1,2,1,1,1,1,0.8,0.83
959,2,24,4,3,3069,2,5,4,1,1,4,0,30,0,0,1,3,1,0,1,1,0.5,0.9125
5,4,36,4,6,9055,0,3,2,1,1,4,0,35,0,0,1,2,2,1,1,1,0.6,0.8775
197,2,12,4,3,951,2,2,4,2,1,4,2,27,2,2,4,3,1,0,1,2,0.3,0.2375
790,2,21,4,5,1188,1,5,2,2,1,4,3,39,0,1,1,3,2,0,1,2,0.8,0.3
392,1,36,4,2,3249,1,4,2,1,1,4,0,39,2,0,1,4,2,1,1,1,0.3,0.8975
543,3,18,4,3,2864,1,3,2,1,1,1,4,34,0,1,1,2,2,0,1,2,0.7,0.3875
788,2,48,2,6,6224,1,5,4,1,1,4,0,50,0,0,1,3,1,0,1,2,0.4,0.1775
631,1,18,1,3,1553,1,3,4,1,1,3,2,44,2,1,1,3,1,0,1,2,0.3,0.2175
865,4,15,4,3,2221,3,3,2,2,1,4,2,20,0,2,1,3,1,0,1,1,0.7,0.8025
510,1,12,4,2,759,1,4,4,1,1,2,4,26,0,1,1,3,1,0,1,2,0.8,0.2575
122,4,12,4,3,1768,1,3,3,1,1,2,4,24,0,2,1,2,1,0,1,1,0.9,0.91
378,2,36,4,2,14318,1,5,4,1,1,2,0,57,0,0,1,4,1,1,1,2,0.3,0.14
38,3,10,4,10,1225,1,3,2,1,1,2,2,37,0,1,1,3,1,1,1,1,0.8,0.9025
546,4,24,3,2,2022,1,3,4,2,1,4,2,37,0,1,1,3,1,1,1,1,0.9,0.8575
523,4,24,4,4,3488,2,4,3,2,1,4,2,23,0,1,1,3,1,0,1,1,1.0,0.8775
162,4,15,4,10,1262,3,4,4,1,1,3,3,36,0,1,2,3,1,1,1,1,1.0,0.95
67,2,12,4,2,1007,4,3,4,3,1,1,4,22,0,1,1,3,1,0,1,1,0.6,0.9225
124,2,18,4,3,1924,0,2,4,2,1,3,4,27,0,2,1,3,1,0,1,2,0.5,0.31
4,1,24,2,2,4870,1,3,3,1,1,4,0,53,0,0,2,3,2,0,1,2,0.2,0.165
834,3,15,4,1,2327,1,2,2,2,1,3,4,25,0,1,1,2,1,0,1,2,0.8,0.2925
759,1,12,3,2,691,1,5,4,1,1,3,3,35,0,1,2,3,1,0,1,2,0.4,0.36
427,4,18,3,1,1149,4,3,4,1,1,3,4,46,0,1,2,3,1,0,1,1,1.0,0.975
966,2,27,3,1,2520,3,3,4,1,1,2,3,23,0,1,2,2,1,0,1,2,0.8,0.26
553,2,12,3,2,1995,2,2,4,1,1,1,2,27,0,1,1,3,1,0,1,1,0.8,0.8925
506,3,15,3,4,2360,3,3,2,1,1,2,2,36,0,1,1,3,1,1,1,1,1.0,0.965
975,3,24,4,1,1258,3,3,3,2,1,3,2,57,0,1,1,2,1,0,1,1,0.7,0.9025
399,4,24,3,1,1516,4,3,4,2,1,1,4,43,0,1,2,2,1,0,1,1,0.8,0.9475
802,1,20,3,3,4272,1,5,1,2,1,4,3,24,0,1,2,3,1,0,1,1,0.7,0.85
352,4,18,3,4,3229,0,1,2,1,1,4,0,38,0,1,1,4,1,1,1,1,1.0,0.9375
839,4,24,3,1,2611,1,5,4,3,3,3,4,46,0,1,2,3,1,0,1,1,0.9,0.9175
848,1,9,4,1,1364,1,4,3,1,1,4,4,59,0,1,1,3,1,0,1,1,0.6,0.9675
260,1,12,4,3,1657,1,3,2,1,1,2,4,27,0,1,1,3,1,0,1,1,0.7,0.96
333,4,48,3,4,11590,2,3,2,2,1,4,2,24,2,2,2,2,1,0,1,2,0.8,0.1
153,2,24,3,4,7758,4,5,2,2,1,4,0,29,0,2,1,3,1,0,1,1,0.5,0.8525
396,1,12,4,3,2578,1,1,3,2,1,4,0,55,0,0,1,4,1,0,1,1,0.6,0.8725
501,1,36,4,4,5493,1,5,2,1,1,4,0,42,0,0,1,3,2,0,1,1,0.4,0.875
373,4,60,3,2,13756,0,5,2,1,1,4,0,63,2,0,1,4,1,1,1,1,0.7,0.76
312,3,24,4,3,3749,1,2,2,2,1,4,2,26,0,1,1,3,1,0,1,1,0.7,0.7925
42,2,18,2,7,6204,1,3,2,1,1,4,4,44,0,1,1,2,2,1,1,1,0.7,0.8025
758,4,24,4,2,1393,1,3,2,1,2,2,4,31,0,1,1,3,1,1,1,1,1.0,0.9625
522,1,48,0,3,7119,1,3,3,1,1,4,0,53,0,0,2,3,2,0,1,2,0.3,0.0775
650,1,48,4,6,7476,1,4,4,1,1,1,0,50,0,0,1,4,1,1,1,1,0.3,0.7475
846,4,18,4,2,6761,0,3,2,1,1,4,2,68,0,2,2,3,1,0,1,2,0.9,0.1975
623,1,12,4,3,1858,1,2,4,2,1,1,2,22,0,2,1,3,1,0,1,1,0.8,0.8925
682,4,15,2,1,1478,1,3,4,3,1,3,4,33,2,1,2,3,1,0,1,1,0.9,0.9325
634,2,24,4,2,1355,1,2,3,2,1,4,2,25,0,1,1,2,1,1,1,2,0.4,0.175
750,1,6,4,3,428,1,5,2,2,1,1,3,49,2,1,1,3,1,1,1,1,0.2,0.94
755,1,24,4,2,1285,0,4,4,2,1,4,0,32,0,2,1,3,1,0,1,2,0.4,0.2875
780,2,39,3,1,4933,1,4,2,1,2,2,4,25,0,1,2,3,1,0,1,2,0.8,0.22
590,1,12,3,1,385,1,4,4,2,1,3,4,58,0,1,4,2,1,1,1,1,0.6,0.9475
445,4,9,3,6,1244,0,5,4,2,1,4,3,41,0,2,2,2,1,0,1,1,0.9,0.9575
272,2,48,1,2,12169,0,1,4,1,3,4,0,36,0,0,1,4,1,1,1,1,0.2,0.7625
877,4,36,4,1,3595,1,5,4,1,1,2,2,28,0,1,1,3,1,0,1,1,1.0,0.875
519,4,6,3,1,700,0,5,4,1,1,4,0,36,0,0,2,3,1,0,1,1,0.8,0.95
377,4,7,2,1,846,0,5,3,1,1,4,0,36,0,0,1,3,1,0,1,1,0.8,0.9
498,2,18,4,1,1301,1,5,4,3,2,2,4,32,0,1,1,2,1,0,1,1,0.7,0.895
878,1,9,4,2,1422,1,2,3,1,1,2,0,27,0,0,1,4,1,1,1,2,0.3,0.3175
930,1,24,4,3,1747,1,2,4,1,3,1,3,24,0,1,1,2,1,0,0,1,0.8,0.9575
947,4,12,4,2,2859,0,1,4,1,1,4,0,38,0,1,1,4,1,1,1,1,0.9,0.89
97,2,18,4,5,2622,2,3,4,1,1,4,2,34,0,1,1,3,1,0,1,1,0.7,0.755
128,2,12,3,4,1860,1,1,4,1,1,2,2,34,0,1,2,4,1,1,1,1,0.8,0.835
544,4,12,3,2,1255,1,5,4,1,1,4,4,61,0,1,2,2,1,0,1,1,1.0,0.8025
379,4,6,3,2,362,2,3,4,2,1,4,2,52,0,1,2,2,1,0,1,1,0.8,0.93
203,1,12,4,9,902,1,4,4,3,1,4,3,21,0,2,1,3,1,0,1,2,0.6,0.225
343,2,18,4,5,4439,1,5,1,1,3,1,4,33,2,1,1,4,1,1,1,1,0.8,0.915
888,4,36,3,2,6614,1,5,4,1,1,4,2,34,0,1,2,4,1,1,1,1,0.9,0.8
808,2,42,1,4,9283,1,1,1,1,1,2,0,55,2,0,1,4,1,1,1,1,0.5,0.715
518,1,6,4,2,1203,2,5,3,1,1,2,3,43,0,1,1,3,1,1,1,1,0.4,0.9425
779,2,18,4,7,3872,1,1,2,2,1,4,2,67,0,1,1,3,1,1,1,1,0.6,0.925
488,4,10,4,2,1418,2,3,3,1,1,2,4,35,0,2,1,2,1,0,0,1,1.0,0.9575
237,2,21,4,5,2767,2,5,4,4,1,2,2,61,2,2,2,2,1,0,1,2,0.7,0.26
549,4,48,3,4,8858,0,4,2,1,1,1,0,35,0,0,2,3,1,1,1,1,1.0,0.89
400,4,18,4,1,1473,1,2,3,3,1,4,4,39,0,1,1,3,1,1,1,1,1.0,0.8675
570,1,24,4,3,3234,1,2,4,2,1,4,4,23,0,2,1,2,1,1,1,2,0.6,0.145
232,4,12,4,1,2141,2,4,3,1,1,1,0,35,0,1,1,3,1,0,1,1,0.8,0.9525
442,2,20,2,11,2629,1,3,2,1,1,3,2,29,2,1,2,3,1,1,1,1,0.4,0.8575
98,2,36,3,1,2337,1,5,4,1,1,4,4,36,0,1,1,3,1,0,1,1,0.8,0.9575
875,2,11,3,2,1322,4,3,4,2,1,4,2,40,0,1,2,3,1,0,1,1,0.4,0.965
978,4,24,2,2,2538,1,5,4,1,1,4,2,47,0,1,2,2,2,0,1,2,0.9,0.245
511,4,36,4,4,4686,1,3,2,1,1,2,0,32,0,0,1,4,1,1,1,1,0.9,0.94
612,1,21,4,1,3357,4,2,4,2,1,2,2,29,2,1,1,3,1,0,1,1,0.4,0.91
217,3,36,4,1,3913,1,3,2,1,1,2,4,23,0,1,1,3,1,1,1,1,0.9,0.7575
360,2,18,4,6,1239,0,3,4,1,1,4,0,61,0,0,1,3,1,0,1,1,0.4,0.8675
558,1,24,1,3,3552,1,4,3,1,1,4,2,27,2,1,1,3,1,0,1,2,0.3,0.2175
919,1,24,4,3,3345,1,5,4,1,1,2,3,39,0,2,1,4,1,1,1,2,0.6,0.285
958,1,28,4,2,4006,1,3,3,1,1,2,2,45,0,1,1,2,1,0,1,2,0.4,0.19
225,4,36,0,7,2613,1,3,4,1,1,2,2,27,0,1,2,3,1,0,1,1,0.9,0.755
18,2,24,4,4,12579,1,5,4,2,1,2,0,44,0,0,1,4,1,1,1,2,0.7,0.145
168,4,24,4,3,3972,1,4,2,2,1,4,3,25,0,2,1,3,1,1,1,1,0.9,0.8675
292,1,24,3,4,6419,1,5,2,2,1,4,0,44,0,0,2,4,2,1,1,1,0.6,0.84
607,2,36,4,1,2671,2,3,4,2,3,4,0,50,0,0,1,3,1,0,1,2,0.4,0.2975
397,1,36,3,3,2348,1,3,3,3,1,2,3,46,0,1,2,3,1,1,1,1,0.6,0.945
540,2,12,4,1,1534,1,2,1,3,1,1,4,23,0,2,1,3,1,0,1,2,0.7,0.305
328,3,36,4,1,4473,1,5,4,1,1,2,2,31,0,1,1,3,1,0,1,1,0.8,0.855
862,1,24,4,1,2439,1,2,4,2,1,4,4,35,0,1,1,3,1,1,1,2,0.6,0.1825
667,4,48,1,5,3609,1,3,1,2,1,1,4,27,1,1,1,3,1,0,1,1,0.8,0.875
93,3,24,3,3,3617,0,5,4,1,3,4,0,20,0,2,2,3,1,0,1,1,0.7,0.91
213,3,30,2,5,1908,1,5,4,1,1,4,4,66,0,1,1,4,1,1,1,2,0.9,0.245
337,1,15,4,10,1275,0,3,4,2,1,2,2,24,0,2,1,3,1,0,1,2,0.6,0.2275
425,2,18,4,4,2779,1,3,1,3,1,3,2,21,0,2,1,3,1,1,1,1,0.3,0.86
803,4,12,3,1,976,0,5,4,1,1,4,2,35,0,1,2,3,1,0,1,1,1.0,0.955
115,4,48,3,1,3578,0,5,4,1,1,1,4,47,0,1,1,3,1,1,1,1,1.0,0.9575
158,2,24,4,2,3512,2,4,2,1,1,3,2,38,2,1,2,3,1,1,1,1,0.3,0.935
989,2,24,3,1,1743,1,5,4,1,1,2,3,48,0,1,2,2,1,0,1,1,0.8,0.9675
112,2,18,4,2,6260,1,4,3,1,1,3,4,28,0,2,1,2,1,0,1,1,0.8,0.8875
36,4,48,3,6,6110,1,3,1,1,1,3,0,31,2,0,1,3,1,1,1,1,0.6,0.905
105,2,24,3,11,11938,1,3,2,1,3,3,2,39,0,1,2,4,2,1,1,2,0.5,0.255
362,3,12,2,2,2247,1,3,2,2,1,2,2,36,1,1,2,3,1,1,1,1,0.9,0.89
365,4,12,4,5,1542,1,4,2,1,1,4,2,36,0,1,1,3,1,1,1,1,0.9,0.96
441,1,12,4,3,1620,1,3,2,2,3,3,3,30,0,1,1,3,1,0,1,1,0.9,0.93
565,2,24,2,1,1553,2,4,3,2,1,2,3,23,0,2,2,3,1,1,1,1,0.4,0.8575
351,2,9,4,3,959,1,3,1,2,1,2,2,29,0,1,1,3,1,0,0,2,0.5,0.33
973,1,60,4,5,7297,1,5,4,1,3,4,0,36,0,2,1,3,1,0,1,2,0.3,0.175
249,4,18,4,1,433,1,1,3,2,3,4,4,22,0,2,1,3,1,0,1,2,0.9,0.235
852,4,15,3,1,1471,1,3,4,1,1,4,0,35,0,0,2,3,1,1,1,1,0.8,0.9425
796,1,18,4,4,7511,0,5,1,1,1,4,3,51,0,0,1,3,2,1,1,2,0.5,0.2125
406,4,24,3,4,2197,0,4,4,1,1,4,2,43,0,1,2,3,2,1,1,1,1.0,0.98
853,1,18,1,2,1442,1,4,4,1,1,4,0,32,0,0,2,2,2,0,1,2,0.3,0.1125
164,4,36,4,2,909,3,5,4,1,1,4,3,36,0,1,1,3,1,0,1,1,1.0,0.94
876,1,18,1,1,1940,1,2,3,1,3,4,0,36,2,0,1,4,1,1,1,1,0.4,0.795
861,4,18,2,5,2169,1,3,4,3,1,2,2,28,0,1,1,3,1,1,1,2,0.8,0.2375
828,1,36,4,4,8335,0,5,3,1,1,4,0,47,0,0,1,3,1,0,1,2,0.4,0.245
83,1,24,4,11,1755,1,5,4,2,2,4,4,58,0,1,1,2,1,1,1,1,0.4,0.9775
698,4,18,3,1,1800,1,3,4,1,1,2,2,24,0,1,2,3,1,0,1,1,1.0,0.875
295,2,48,4,3,9960,1,2,1,2,1,2,2,26,0,1,1,3,1,1,1,2,0.5,0.1
70,4,36,4,4,8133,1,3,1,2,1,2,3,30,2,1,1,3,1,0,1,1,0.8,0.845
610,1,12,4,10,741,2,1,4,2,1,3,3,22,0,1,1,3,1,0,1,2,0.5,0.1525
664,3,6,3,6,1047,1,3,2,2,1,4,3,50,0,1,1,2,1,0,1,1,0.9,0.91
923,2,12,4,2,2002,1,4,3,1,1,4,3,30,0,2,1,3,2,1,1,1,0.6,0.925
963,4,24,4,1,2397,3,5,3,1,1,2,2,35,2,1,2,3,1,1,1,2,0.8,0.3425
902,4,36,3,4,10477,0,5,2,1,1,4,0,42,0,0,2,3,1,0,1,1,1.0,0.8775
724,4,27,4,2,2570,1,3,3,2,1,3,4,21,0,2,1,3,1,0,1,2,0.8,0.1325
127,2,12,4,7,639,1,3,4,1,1,2,2,30,0,1,1,3,1,0,1,2,0.6,0.21
840,1,36,4,3,5179,1,4,4,1,1,2,3,29,0,1,1,3,1,0,1,2,0.7,0.28
1,2,48,4,1,5951,1,3,2,2,1,2,4,22,0,1,1,3,1,0,1,2,0.5,0.1925
897,4,12,3,3,1592,4,4,3,2,1,2,3,35,0,1,1,3,1,0,0,1,0.8,0.985
539,3,18,4,3,3049,1,2,1,2,1,1,3,45,1,1,1,2,1,0,1,1,0.7,0.95
601,2,9,4,3,918,1,3,4,2,1,1,3,30,0,1,1,3,1,0,1,2,0.4,0.245
308,2,8,4,3,1237,1,3,3,2,1,4,4,24,0,1,1,3,1,0,1,2,0.5,0.255
585,1,18,4,3,2039,1,3,1,2,1,4,4,20,2,2,1,3,1,0,1,2,0.4,0.3025
410,2,24,4,1,1967,1,5,4,2,1,4,2,20,0,1,1,3,1,1,1,1,0.6,0.8225
171,4,12,4,3,763,1,3,4,2,1,1,4,26,0,1,1,3,1,1,1,1,0.9,0.885
417,1,18,2,6,8471,0,3,1,2,1,2,2,23,0,2,2,3,1,1,1,1,0.4,0.8225
763,4,21,3,2,12680,0,5,4,1,1,4,0,30,0,0,1,4,1,1,1,2,0.9,0.28
935,2,30,2,1,1919,2,2,4,1,1,3,0,30,1,1,2,4,1,0,1,2,0.2,0.2075
603,4,36,4,3,3349,1,3,4,2,1,2,2,28,0,1,1,4,1,1,1,2,0.8,0.2725
460,1,36,4,3,3620,1,3,1,1,2,2,3,37,0,1,1,3,2,0,1,1,0.8,0.9525
866,1,18,4,1,2389,1,2,4,2,1,1,2,27,1,1,1,3,1,0,1,1,0.5,0.9
637,4,60,2,1,15653,1,4,2,1,1,4,2,21,0,1,2,3,1,1,1,1,1.0,0.77
423,4,21,2,3,1591,2,4,4,1,1,3,4,34,0,1,2,4,1,0,1,1,0.9,0.9175
315,1,36,1,3,2746,1,5,4,1,1,4,2,31,2,1,1,3,1,0,1,2,0.3,0.1025
376,4,18,2,1,2320,1,1,2,3,1,3,4,34,0,1,2,3,1,0,1,1,1.0,0.8475
524,2,18,4,1,1113,1,3,4,2,2,4,4,26,0,1,1,2,2,0,1,1,0.9,0.86
867,4,12,3,3,3331,1,5,2,1,1,4,3,42,1,1,1,3,1,0,1,1,0.9,0.885
438,1,42,3,7,3394,1,1,4,1,3,4,2,65,0,1,2,1,1,0,1,1,0.6,0.845
739,2,30,0,5,4280,2,3,4,2,1,4,2,26,0,2,2,2,1,0,1,2,0.3,0.1575
150,4,6,4,1,1346,2,5,2,1,1,4,0,42,2,0,1,3,2,1,1,1,0.7,0.955
999,2,45,3,4,4576,2,1,3,1,1,4,2,27,0,1,1,3,1,0,1,1,0.8,0.7975
556,2,18,0,2,2278,2,2,3,2,1,3,2,28,0,1,2,3,1,0,1,2,0.4,0.1975
819,1,18,4,1,1345,1,3,4,3,1,3,4,26,2,1,1,3,1,0,1,2,0.5,0.28
807,4,12,3,1,930,0,5,4,1,1,4,4,65,0,1,4,3,1,0,1,1,1.0,0.955
409,3,12,3,2,939,3,4,4,3,1,2,4,28,0,1,3,3,1,1,1,2,0.9,0.355
143,1,18,4,3,2462,1,3,2,1,1,2,2,22,0,1,1,3,1,0,1,2,0.5,0.25
526,4,15,3,6,1532,2,3,4,2,1,3,2,31,0,1,1,3,1,0,1,1,0.9,0.9175
858,1,15,4,2,3959,1,3,3,2,1,2,3,29,0,1,1,3,1,1,1,2,0.4,0.25
986,3,42,0,5,6289,1,2,2,4,1,1,3,33,0,1,2,3,1,0,1,1,0.5,0.845
827,4,18,0,5,4165,1,3,2,1,1,2,2,36,1,1,2,3,2,0,1,2,0.7,0.17
208,1,24,4,5,6568,1,3,2,3,1,2,2,21,1,1,1,2,1,0,1,1,0.6,0.6975
440,4,12,4,2,1884,1,5,4,1,1,4,2,39,0,1,1,4,1,1,1,1,0.9,0.945
131,1,36,2,6,6887,1,3,4,1,1,3,3,29,1,1,1,3,1,1,1,2,0.6,0.145
380,1,20,4,3,2212,0,4,4,1,1,4,2,39,0,1,1,3,1,1,1,1,0.5,0.8875
174,1,21,2,6,3414,1,2,2,1,1,1,3,26,0,1,2,3,1,0,1,2,0.5,0.235
533,4,24,4,1,1311,2,4,4,3,1,3,3,26,0,1,1,3,1,1,1,1,0.9,0.9425
270,4,18,4,2,2662,0,4,4,1,1,3,3,32,0,1,1,3,1,0,0,1,1.0,0.9125
407,1,15,4,1,1053,1,2,4,3,1,2,4,27,0,1,1,3,1,0,0,1,0.4,0.92
869,1,12,4,3,652,1,5,4,2,1,4,3,24,0,2,1,3,1,0,1,1,0.7,0.9075
123,3,10,3,2,781,1,5,4,1,1,4,0,63,0,0,2,3,1,1,1,1,0.6,0.9625
138,2,15,3,1,2728,0,4,4,1,2,2,4,35,2,1,3,3,1,1,1,1,0.6,0.96
51,2,27,2,4,5965,1,5,1,1,1,2,2,30,0,1,2,4,1,1,1,1,0.8,0.8775
624,1,18,4,1,2600,1,3,4,1,1,4,0,65,0,0,2,3,1,0,1,2,0.2,0.265
275,4,9,4,1,2697,1,3,1,1,1,2,4,32,0,1,1,3,2,0,1,1,1.0,0.98
965,2,30,4,1,1715,0,3,4,2,1,1,2,26,0,1,1,3,1,0,1,1,0.6,0.925
342,2,18,4,1,3213,3,2,1,3,1,3,4,25,0,2,1,3,1,0,1,1,0.7,0.905
256,4,24,3,1,2684,1,3,4,1,1,2,4,35,0,1,2,2,1,0,1,1,1.0,0.965
182,1,21,1,2,1647,0,3,4,1,1,2,3,40,0,1,2,2,2,0,1,2,0.5,0.2225
617,1,6,3,2,3676,1,3,1,1,1,3,4,37,0,2,3,3,2,0,1,1,0.8,0.9625
300,4,6,4,2,672,1,1,1,2,1,4,4,54,0,1,1,1,1,1,1,1,0.9,0.9375
690,1,15,3,3,975,1,3,2,4,1,3,3,25,0,1,2,3,1,0,1,1,0.5,0.9475
765,2,12,4,1,1155,1,5,3,3,2,3,4,40,2,1,2,2,1,0,1,1,0.7,0.905
240,1,24,4,2,915,0,5,4,2,1,2,2,29,2,1,1,3,1,0,1,2,0.3,0.265
230,3,36,4,1,4210,1,3,4,1,1,2,2,26,0,1,1,3,1,0,1,2,0.8,0.21
915,2,48,0,11,18424,1,3,1,2,1,2,3,32,2,1,1,4,1,1,0,2,0.4,0.1975
